-- MySQL dump 10.13  Distrib 5.7.26, for osx10.10 (x86_64)
--
-- Host: localhost    Database: internal.stg
-- ------------------------------------------------------
-- Server version	5.7.26

/*!40101 SET @OLD_CHARACTER_SET_CLIENT=@@CHARACTER_SET_CLIENT */;
/*!40101 SET @OLD_CHARACTER_SET_RESULTS=@@CHARACTER_SET_RESULTS */;
/*!40101 SET @OLD_COLLATION_CONNECTION=@@COLLATION_CONNECTION */;
/*!40101 SET NAMES utf8 */;
/*!40103 SET @OLD_TIME_ZONE=@@TIME_ZONE */;
/*!40103 SET TIME_ZONE='+00:00' */;
/*!40014 SET @OLD_UNIQUE_CHECKS=@@UNIQUE_CHECKS, UNIQUE_CHECKS=0 */;
/*!40014 SET @OLD_FOREIGN_KEY_CHECKS=@@FOREIGN_KEY_CHECKS, FOREIGN_KEY_CHECKS=0 */;
/*!40101 SET @OLD_SQL_MODE=@@SQL_MODE, SQL_MODE='NO_AUTO_VALUE_ON_ZERO' */;
/*!40111 SET @OLD_SQL_NOTES=@@SQL_NOTES, SQL_NOTES=0 */;

--
-- Table structure for table `connector`
--

DROP TABLE IF EXISTS `connector`;
/*!40101 SET @saved_cs_client     = @@character_set_client */;
/*!40101 SET character_set_client = utf8 */;
CREATE TABLE `connector` (
  `id` int(11) NOT NULL AUTO_INCREMENT,
  `fromTask` int(11) NOT NULL,
  `connectTo` int(11) NOT NULL,
  `connType` varchar(64) DEFAULT NULL,
  PRIMARY KEY (`id`),
  KEY `from` (`fromTask`),
  KEY `to` (`connectTo`),
  CONSTRAINT `connector_ibfk_1` FOREIGN KEY (`fromTask`) REFERENCES `task` (`id`),
  CONSTRAINT `connector_ibfk_2` FOREIGN KEY (`connectTo`) REFERENCES `task` (`id`)
) ENGINE=InnoDB DEFAULT CHARSET=utf8;
/*!40101 SET character_set_client = @saved_cs_client */;

--
-- Dumping data for table `connector`
--

LOCK TABLES `connector` WRITE;
/*!40000 ALTER TABLE `connector` DISABLE KEYS */;
/*!40000 ALTER TABLE `connector` ENABLE KEYS */;
UNLOCK TABLES;

--
-- Table structure for table `log_action`
--

DROP TABLE IF EXISTS `log_action`;
/*!40101 SET @saved_cs_client     = @@character_set_client */;
/*!40101 SET character_set_client = utf8 */;
CREATE TABLE `log_action` (
  `date` timestamp NOT NULL DEFAULT CURRENT_TIMESTAMP,
  `email` varchar(50) NOT NULL,
  `action` varchar(10) NOT NULL,
  `log` text NOT NULL
) ENGINE=InnoDB DEFAULT CHARSET=utf8;
/*!40101 SET character_set_client = @saved_cs_client */;

--
-- Dumping data for table `log_action`
--

LOCK TABLES `log_action` WRITE;
/*!40000 ALTER TABLE `log_action` DISABLE KEYS */;
INSERT INTO `log_action` VALUES ('2020-02-11 06:41:25','vitaly.radionov@anychart.com','update','Task 332 ({\"id\":\"332\",\"name\":\"Timeline Chart\",\"url\":\"QLIK-37\",\"priority\":\"\",\"actualStart\":\"1578614400000\",\"actualEnd\":\"1581724799999\",\"baselineStart\":\"1578873600000\",\"baselineEnd\":\"1579910399999\",\"progressValue\":\"0.8\",\"parent\":\"325\",\"project\":\"9\",\"parentsToReset\":\"[]\",\"assignee\":\"2\",\"deleted\":\"0\"})'),('2020-02-11 06:46:05','vitaly.radionov@anychart.com','update','Task 332 ({\"id\":\"332\",\"name\":\"Timeline Chart\",\"url\":\"QLIK-37\",\"priority\":\"\",\"actualStart\":\"1578614400000\",\"actualEnd\":\"1581724799999\",\"baselineStart\":\"1578873600000\",\"baselineEnd\":\"1579910399999\",\"progressValue\":\"0.3\",\"parent\":\"325\",\"project\":\"9\",\"parentsToReset\":\"[]\",\"assignee\":\"2\",\"deleted\":\"0\"})'),('2020-02-11 07:24:06','vitaly.radionov@anychart.com','update','Task 334 ({\"id\":\"334\",\"name\":\"4.0.241 mini release\",\"url\":\"QLIK-52\",\"priority\":\"\",\"actualStart\":\"1580947200000\",\"actualEnd\":\"1581379199999\",\"baselineStart\":\"\",\"baselineEnd\":\"\",\"progressValue\":\"1\",\"parent\":\"364\",\"project\":\"9\",\"parentsToReset\":\"[]\",\"assignee\":\"1\",\"deleted\":\"0\"})');
/*!40000 ALTER TABLE `log_action` ENABLE KEYS */;
UNLOCK TABLES;

--
-- Table structure for table `project`
--

DROP TABLE IF EXISTS `project`;
/*!40101 SET @saved_cs_client     = @@character_set_client */;
/*!40101 SET character_set_client = utf8 */;
CREATE TABLE `project` (
  `id` int(11) NOT NULL AUTO_INCREMENT,
  `name` varchar(1024) NOT NULL,
  `last_modified` bigint(11) NOT NULL,
  `deleted` tinyint(1) NOT NULL DEFAULT '0',
  PRIMARY KEY (`id`)
) ENGINE=InnoDB AUTO_INCREMENT=12 DEFAULT CHARSET=utf8;
/*!40101 SET character_set_client = @saved_cs_client */;

--
-- Dumping data for table `project`
--

LOCK TABLES `project` WRITE;
/*!40000 ALTER TABLE `project` DISABLE KEYS */;
INSERT INTO `project` VALUES (1,'May-2019',1557294752965,0),(2,'June-2019',1559635304425,0),(3,'July 2019',1561520267557,0),(4,'Augustino 2019',1563938257008,0),(5,'Septembris 2019',1569904341655,0),(6,'Octoberfest 2019 ',1571888324419,0),(7,'Наёбрь 2019',1574138152615,0),(8,'December 2019',1575357419916,0),(9,'January 2020',1579745144827,0),(10,'Feb 2020',1579505440824,0),(11,'March 2020',1581052511060,0);
/*!40000 ALTER TABLE `project` ENABLE KEYS */;
UNLOCK TABLES;

--
-- Table structure for table `task`
--

DROP TABLE IF EXISTS `task`;
/*!40101 SET @saved_cs_client     = @@character_set_client */;
/*!40101 SET character_set_client = utf8 */;
CREATE TABLE `task` (
  `id` int(11) NOT NULL AUTO_INCREMENT,
  `name` varchar(1024) NOT NULL,
  `actualStart` bigint(11) DEFAULT NULL,
  `actualEnd` bigint(11) DEFAULT NULL,
  `baselineStart` bigint(11) DEFAULT NULL,
  `baselineEnd` bigint(11) DEFAULT NULL,
  `progressValue` decimal(10,2) DEFAULT NULL,
  `parent` int(11) DEFAULT NULL,
  `project` int(11) NOT NULL,
  `last_modified` bigint(20) NOT NULL,
  `assignee` int(11) DEFAULT NULL,
  `deleted` tinyint(1) NOT NULL DEFAULT '0',
  `url` varchar(1024) DEFAULT NULL,
  `priority` varchar(1) DEFAULT NULL,
  PRIMARY KEY (`id`),
  KEY `parent` (`parent`),
  KEY `task` (`project`),
  KEY `assignee` (`assignee`),
  CONSTRAINT `task_ibfk_1` FOREIGN KEY (`parent`) REFERENCES `task` (`id`),
  CONSTRAINT `task_ibfk_2` FOREIGN KEY (`project`) REFERENCES `project` (`id`),
  CONSTRAINT `task_ibfk_3` FOREIGN KEY (`assignee`) REFERENCES `user` (`id`)
) ENGINE=InnoDB AUTO_INCREMENT=375 DEFAULT CHARSET=utf8;
/*!40101 SET character_set_client = @saved_cs_client */;

--
-- Dumping data for table `task`
--

LOCK TABLES `task` WRITE;
/*!40000 ALTER TABLE `task` DISABLE KEYS */;
INSERT INTO `task` VALUES (1,'AnyChart',NULL,NULL,NULL,NULL,NULL,NULL,1,1578545697364,NULL,0,'',''),(2,'DVF-3947 Plot controls',NULL,NULL,NULL,NULL,NULL,1,1,1558511055475,NULL,0,NULL,NULL),(3,'Codebase',1558051200000,1558539958452,NULL,NULL,1.00,2,1,1558683442455,NULL,0,NULL,NULL),(4,'API',1558875199538,1559220799535,NULL,NULL,1.00,2,1,1559286514281,NULL,0,NULL,NULL),(5,'QA',1559001600000,1559174399999,NULL,NULL,NULL,2,1,1558683757444,NULL,0,NULL,NULL),(6,'Freeboard',NULL,NULL,NULL,NULL,NULL,NULL,1,1578545706375,NULL,0,'',''),(7,'Codebase',1557705600000,1557964799999,NULL,NULL,1.00,6,1,1558516476961,NULL,0,NULL,NULL),(8,'Web page',1557792000000,1557878399999,NULL,NULL,1.00,6,1,1558515317961,NULL,0,NULL,NULL),(9,'Web Content',1558396800000,1558655999999,NULL,NULL,0.20,6,1,1558505429133,NULL,0,NULL,NULL),(10,'Tableau',NULL,NULL,NULL,NULL,NULL,NULL,1,1578545755592,NULL,0,'',''),(11,'Qlik',NULL,NULL,NULL,NULL,NULL,NULL,1,1578545718419,NULL,0,'',''),(12,'Codebase',1557792000000,1559347199998,NULL,NULL,0.70,10,1,1559271492391,NULL,0,NULL,NULL),(13,'Web page',1557878400000,1557964799999,NULL,NULL,1.00,10,1,1558515279343,NULL,0,NULL,NULL),(14,'Web page Content',1558915200000,1559347199999,NULL,NULL,NULL,10,1,1558510384742,NULL,0,NULL,NULL),(15,'License Server',1558929230662,1559534030659,NULL,NULL,0.40,10,1,1559271521138,NULL,0,NULL,NULL),(16,'License Server',1557878400000,1558066710664,NULL,NULL,1.00,6,1,1558517050215,NULL,0,NULL,NULL),(17,'Gantt Performance',1557100800000,1557878399999,NULL,NULL,1.00,11,1,1558516619808,NULL,0,NULL,NULL),(18,'Gantt Printing',1557705600000,1559260799998,NULL,NULL,1.00,11,1,1559270323570,NULL,0,NULL,NULL),(19,'Gantt Separated Tooltips',1559260800000,1559347199999,NULL,NULL,1.00,11,1,1559287165784,NULL,0,NULL,NULL),(20,'Gantt Milestones preview',1558483200000,1558569599999,NULL,NULL,1.00,11,1,1558516681017,NULL,0,NULL,NULL),(21,'Errors data mapping',1558051200000,1558483199999,NULL,NULL,1.00,11,1,1558517010421,NULL,0,NULL,NULL),(22,'Client-side Export',1558483200000,1559433599998,NULL,NULL,0.20,1,1,1559271958582,NULL,0,NULL,NULL),(23,'DVF-4236 ganttToolbar rework',1556668800000,1558569599998,NULL,NULL,1.00,1,1,1558516945625,NULL,0,NULL,NULL),(24,'DVF-4235 Gantt Milestone preview',NULL,NULL,NULL,NULL,NULL,1,1,1558517194503,NULL,0,NULL,NULL),(25,'Gantt Themes flatting',1558396800000,1558742399998,NULL,NULL,1.00,30,1,1559271615114,NULL,0,NULL,NULL),(26,'Bugfixes',NULL,NULL,NULL,NULL,NULL,1,1,1558511619249,NULL,0,NULL,NULL),(27,'DVF-4201 Legend redraw',1558310400000,1558742399998,NULL,NULL,0.90,26,1,1559271478060,NULL,0,NULL,NULL),(28,'DVF-4242 Paginator overlap',1559088000000,1559347199999,NULL,NULL,NULL,26,1,1558515212220,NULL,0,NULL,NULL),(29,'DVF-4228 Stock range annotations',NULL,NULL,NULL,NULL,NULL,1,1,1558683541763,NULL,0,NULL,NULL),(30,'DVF-4244 Gantt separate tooltip',NULL,NULL,NULL,NULL,NULL,1,1,1558517732638,NULL,0,NULL,NULL),(31,'Stock Indicators\n(alpha)',1558483200000,1559260799999,NULL,NULL,1.00,11,1,1559271017486,NULL,0,NULL,NULL),(32,'Gantt 3k points sample',1557273600000,1558483199999,NULL,NULL,1.00,11,1,1558515060502,NULL,0,NULL,NULL),(33,'\nResearch:\nusers scripts',1556668800000,1557446399998,NULL,NULL,1.00,11,1,1559287179517,NULL,0,NULL,NULL),(34,'Codebase',1557100800000,1557532799999,NULL,NULL,1.00,24,1,1558517586163,NULL,0,NULL,NULL),(35,'API',1557705600000,1557878399999,NULL,NULL,1.00,24,1,1558517624050,NULL,0,NULL,NULL),(36,'QA',1557713530374,1557964799999,NULL,NULL,1.00,24,1,1558517674643,NULL,0,NULL,NULL),(37,'Codebase',1558569600000,1558828799998,NULL,NULL,1.00,30,1,1559271652376,NULL,0,NULL,NULL),(38,'QA',1558915200000,1559174399998,NULL,NULL,1.00,30,1,1559271662059,NULL,0,NULL,NULL),(39,'API',1559174400000,1559347199999,NULL,NULL,0.30,30,1,1559271674774,NULL,0,NULL,NULL),(40,'Gantt clip problem',1559088000000,1559347199998,NULL,NULL,1.00,11,1,1559270365927,NULL,0,NULL,NULL),(41,'Codebase',1558396800000,1558569599999,NULL,NULL,1.00,29,1,1558683527433,NULL,0,NULL,NULL),(42,'API',1558569600000,1558742399999,NULL,NULL,1.00,29,1,1558683565872,NULL,0,NULL,NULL),(43,'QA',1558656000000,1559174399997,NULL,NULL,1.00,29,1,1559286956918,NULL,0,NULL,NULL),(44,'Qlik',NULL,NULL,NULL,NULL,NULL,NULL,2,1578545773539,NULL,0,'',''),(45,'Freeboard',NULL,NULL,NULL,NULL,NULL,NULL,2,1559635390515,NULL,0,NULL,NULL),(46,'Tableau',NULL,NULL,NULL,NULL,NULL,NULL,2,1559635401476,NULL,0,NULL,NULL),(47,'Irwidget',NULL,NULL,NULL,NULL,NULL,NULL,2,1559635418660,NULL,0,NULL,NULL),(48,'AnyChart',NULL,NULL,NULL,NULL,NULL,NULL,2,1559635448556,NULL,0,NULL,NULL),(49,'Web content',NULL,NULL,1559779200000,1560297599999,NULL,45,2,1560240291415,7,0,NULL,NULL),(50,'Testing in Real Account',1559520000000,1559779199999,NULL,NULL,1.00,45,2,1560240281902,11,0,NULL,NULL),(51,'Продукты для покупки в PayPro',1560384000000,NULL,NULL,NULL,NULL,45,2,1560240263863,7,0,NULL,NULL),(52,'Проблема с лицензированием',1559520000000,1560902399999,1559520000000,1559951999999,1.00,46,2,1561453384222,9,0,NULL,NULL),(53,'Testing in Real Account',NULL,NULL,NULL,NULL,NULL,46,2,1559635768214,NULL,0,NULL,NULL),(54,'Web content',NULL,NULL,1560124800000,1560383999999,NULL,46,2,1560238931077,7,0,NULL,NULL),(55,'Продукты для покупки в PayPro',1560384000000,NULL,NULL,NULL,NULL,46,2,1560238920268,7,0,NULL,NULL),(56,'!!! Plot controls',NULL,NULL,NULL,NULL,NULL,48,2,1560238775710,NULL,1,NULL,NULL),(57,'1 Plot splitter',NULL,NULL,NULL,NULL,NULL,48,2,1561453138964,3,0,'DVF-4261',NULL),(58,'? переработка tech indicators',NULL,NULL,NULL,NULL,NULL,48,2,1559636571446,NULL,0,NULL,NULL),(59,'? persistent task',NULL,NULL,NULL,NULL,NULL,48,2,1559636607941,NULL,0,NULL,NULL),(60,'client-side export',1559520000000,1560470399999,1559520000000,1559951999999,1.00,48,2,1561453411530,10,0,NULL,NULL),(61,'1 EOD Данные',NULL,NULL,NULL,NULL,NULL,44,2,1559717827973,NULL,0,NULL,NULL),(62,'4 Offline version',1560124800000,1560556799999,1560124800000,1560297599999,1.00,44,2,1560504540049,4,0,NULL,NULL),(63,'2 tech indicators',NULL,NULL,NULL,NULL,NULL,44,2,1559724973248,NULL,0,NULL,NULL),(64,'4 new types / decision',NULL,NULL,NULL,NULL,NULL,44,2,1559719703021,NULL,0,NULL,NULL),(65,'4.5 drawing tools annotations research',NULL,NULL,NULL,NULL,NULL,44,2,1559720597238,NULL,0,NULL,NULL),(66,'5 gantt editing',NULL,NULL,NULL,NULL,NULL,44,2,1559720627293,NULL,0,NULL,NULL),(67,'? gantt range picker / selector',NULL,NULL,NULL,NULL,NULL,48,2,1559637985938,NULL,0,NULL,NULL),(68,'? gantt marquee navigation',NULL,NULL,NULL,NULL,NULL,48,2,1559638006867,NULL,0,NULL,NULL),(69,'3 documentations / demos',NULL,NULL,NULL,NULL,NULL,44,2,1559718242160,NULL,0,NULL,NULL),(70,'Постановка задач',1560729600000,NULL,NULL,NULL,NULL,47,2,1560238887557,7,0,NULL,NULL),(71,'Environment',NULL,NULL,NULL,NULL,NULL,NULL,2,1559638713512,NULL,0,NULL,NULL),(72,'Internal Planning Shit',1559779200000,1559951999999,NULL,NULL,1.00,71,2,1560238749562,3,0,NULL,NULL),(73,'License server нормализация',1560729600000,1560902399999,1560729600000,1560815999999,1.00,71,2,1561453569469,1,0,NULL,NULL),(74,'2 NPrinting',1560384000000,1560815999999,1560211200000,1560556799999,0.40,44,2,1560501172151,8,0,NULL,NULL),(75,'2 Snapshot / Printing ENV-1309',1559865600000,1560470399999,1559865600000,1560556799999,1.00,44,2,1562052073693,1,0,'',''),(76,'2 Testing\n(ибо TED и release)',NULL,NULL,NULL,NULL,NULL,44,2,1559718490602,NULL,0,NULL,NULL),(77,'2 TED',NULL,NULL,NULL,NULL,NULL,44,2,1559718498201,NULL,0,NULL,NULL),(78,'4.5 Custom theme / Settings',NULL,NULL,NULL,NULL,NULL,44,2,1559719840332,NULL,0,NULL,NULL),(79,'2 3d pie / donut ENV-1315',1560384000000,1560815999999,1560297600000,1560383999999,1.00,44,2,1561453325968,10,0,NULL,NULL),(80,'Support',NULL,NULL,NULL,NULL,NULL,NULL,2,1559717369406,NULL,0,NULL,NULL),(81,'UBS. Stock crosshair',1560902400000,1561075199999,1560902400000,1561075199999,1.00,80,2,1561453491423,9,0,NULL,NULL),(82,'UBS. Stock gaps',1560988800000,1561507199999,1561075200000,1561679999999,1.00,80,2,1561453534574,9,0,NULL,NULL),(83,'1 Yahoo tech indicators\n(DVF-4263)',1560124800000,1560297599999,1560124800000,1560297599999,1.00,48,2,1560238817147,9,0,NULL,NULL),(84,'demo-server',1561334400000,1561507199999,NULL,NULL,1.00,69,2,1561453602744,4,0,NULL,NULL),(85,'demos\n(health, finince etc)',NULL,NULL,NULL,NULL,NULL,69,2,1559724442050,NULL,0,NULL,NULL),(86,'documentation content',NULL,NULL,NULL,NULL,NULL,69,2,1559724455665,NULL,0,NULL,NULL),(87,'documentation engine ?',NULL,NULL,NULL,NULL,NULL,69,2,1559724472913,NULL,0,NULL,NULL),(88,'research',NULL,NULL,1559692800000,1560211199999,NULL,69,2,1560240775269,7,0,NULL,NULL),(89,'KEYS. BLOCKER',1559779200000,1560556799999,NULL,NULL,NULL,46,2,1560238912251,12,0,NULL,NULL),(90,'Функционал в плагин ENV-1306',1560211200000,1561075199999,1560297600000,1560988799998,1.00,61,2,1561453338824,11,0,NULL,NULL),(91,'Панель над чартом',1560988800000,1561420799999,1560902400000,1561075199999,1.00,61,2,1561453361407,11,0,NULL,NULL),(92,'Research. Сохранение настроек в модели для viewer ENV-1313',1560297600000,1560470399999,1560124800000,1560297599999,1.00,44,2,1560501083884,10,0,NULL,NULL),(93,'Редактирование серий CE\n(ENV-1307)',1559865600000,1560211199999,1559865600000,1560297599999,1.00,63,2,1560240755120,11,0,NULL,NULL),(94,'Панель над чартом',1560211200000,1560470399999,1560211200000,1560383999998,1.00,63,2,1560497865889,11,0,NULL,NULL),(95,'Desk retirement',NULL,NULL,NULL,NULL,NULL,71,2,1559809180641,NULL,0,NULL,NULL),(96,'DVF-4262. Gantt fix\n(8.6.1 broke)',1559865600000,1559951999999,1559865600000,1559951999999,1.00,48,2,1560238864798,3,0,NULL,NULL),(97,'TI,EOD,DT panels layout ENV-1314',1560729600000,1561075199999,1560729600000,1561161599997,1.00,44,2,1561452980924,2,0,'ENV-1314',NULL),(98,'Enterprise Viewer Fix',NULL,NULL,1560988800000,1561507199999,NULL,44,2,1560742341759,1,0,NULL,NULL),(99,'Beta version',1560729600000,1560815999999,1560729600000,1560815999999,1.00,44,2,1560764263289,4,0,NULL,NULL),(100,'About Template fixes',1560729600000,1560815999999,1560729600000,1560815999999,1.00,44,2,1560763982933,9,0,NULL,NULL),(101,'Native formattings',1560988800000,1561593599999,1560729600000,1560988799999,1.00,44,2,1562052096357,10,0,'',''),(102,'Site (Qlik/Tableau)',1561420800000,1561766399999,1561420800000,1561766399999,NULL,71,2,1561452755167,2,0,'ENV-1323',NULL),(103,'Gantt: milestones',1561420800000,1561593599999,1561420800000,1561593599999,NULL,48,2,1561452805078,9,0,'DVF-4269',NULL),(104,'Gantt: фискальный год',NULL,NULL,1561507200000,1562371199999,NULL,48,2,1561452940696,NULL,0,'DVF-4270',NULL),(105,'Codebase',1560124800000,1561507199999,1560124800000,1561161599999,1.00,57,2,1561453100555,3,0,NULL,NULL),(106,'API',1561420800000,1561593599999,1561420800000,1561593599999,NULL,57,2,1561453167911,3,0,NULL,NULL),(107,'QA',1561420800000,1561593599999,1561420800000,1561593599999,NULL,57,2,1561453191535,3,0,NULL,NULL),(108,'Proto Gantt 4.x',1561420800000,1561679999999,1561420800000,1561679999999,NULL,44,2,1561453304273,1,0,NULL,NULL),(109,'AnyChart',NULL,NULL,NULL,NULL,NULL,NULL,3,1561520303086,NULL,0,NULL,NULL),(110,'Qlik',NULL,NULL,NULL,NULL,NULL,NULL,3,1561520324120,NULL,0,NULL,NULL),(111,'Support',NULL,NULL,NULL,NULL,NULL,NULL,3,1561520343408,NULL,0,NULL,NULL),(112,'Environment',NULL,NULL,NULL,NULL,NULL,NULL,3,1561520370747,NULL,0,NULL,NULL),(113,'Gantt. Milestones Type',1561939200000,1562025599999,NULL,NULL,1.00,109,3,1562043900147,9,0,'DVF-4269',''),(114,'Gantt. Non-blocking rendering',1562025600000,1562371199999,1562025600000,1562371199999,1.00,109,3,1562637642626,3,0,'DVF-4279','1'),(115,'Gantt. Fiscal Year',1561939200000,1562630399999,1561939200000,1562198399999,1.00,109,3,1562637632942,3,0,'DVF-4270',''),(116,'Maps. Selection Marquee',1562025600000,1562975999999,1562025600000,1562975999999,1.00,109,3,1564558227079,10,0,'DVF-4278',''),(117,'Stock. TI. ICHIMOKU',1562025600000,1562630399999,1562025600000,1562198399999,1.00,109,3,1562573946107,8,0,'DVF-4284',''),(118,'Stock. TI. ENVELOP',1562544000000,1562630399999,1562544000000,1562630399999,1.00,109,3,1562635263438,8,0,'DVF-4282',''),(119,'Stock. TI. PPO',1562630400000,1562716799999,1562630400000,1562716799999,1.00,109,3,1564558207292,8,0,'DVF-4283',''),(120,'Stock. TI. PSY',1562716800000,1562803199999,1562716800000,1562803199999,1.00,109,3,1562820509254,8,0,'DVF-4285',''),(121,'Stock. TI. RCI',1562716800000,1562803199999,1562803200000,1562889599999,1.00,109,3,1562820071343,8,0,'DVF-4286',''),(122,'Stock. TI. RATIFICATOR',1563321600000,1563494399999,1562889600000,1562975999999,1.00,109,3,1563520316562,8,0,'DVF-4287',''),(123,'Review Stack',NULL,NULL,NULL,NULL,NULL,109,3,1562051636397,NULL,0,'',''),(124,'day 1',1562025600000,1562111999999,NULL,NULL,1.00,123,3,1562573973368,11,0,'',''),(125,'day 2',1563321600000,1563494399999,1562630400000,1562716799999,1.00,123,3,1563520377463,1,0,'',''),(126,'Gantt Prototype',NULL,NULL,NULL,NULL,NULL,110,3,1562052085752,NULL,0,'','1'),(127,'Snapshots',1561939200000,1562630399999,NULL,NULL,1.00,126,3,1562574029091,1,0,'',''),(128,'Toolbar',1562112000000,1562630399999,1562112000000,1562198399999,1.00,126,3,1562574002175,9,0,'ENV-1325','1'),(129,'Mapping settings',1561939200000,1562198399999,1561939200000,1562111999999,1.00,126,3,1562574011731,9,0,'','1'),(130,'v3.5',NULL,NULL,NULL,NULL,NULL,110,3,1562052077844,NULL,0,'',''),(131,'Drawing Tools',1561939200000,1562284799999,1561939200000,1562025599999,1.00,130,3,1562574043718,11,0,'ENV-1321',''),(132,'Demos',1563235200000,1563321599999,1562198400000,1562371199999,1.00,126,3,1563520430662,4,0,'ENV-1324','4'),(133,'Stock. new TI add to ENV',NULL,NULL,1563148800000,1563321599999,1.00,109,3,1564558143729,2,0,'DVF-4281',''),(134,'anychart.com',NULL,NULL,NULL,NULL,NULL,112,3,1562052331767,NULL,0,'',''),(135,'Qlik/Tableau new web pages',1561939200000,1562198399999,1561939200000,1562198399999,1.00,134,3,1564558468921,2,0,'ENV-1323',''),(136,'Fiscal Year control',1562630400000,1562716799999,1562630400000,1562716799999,1.00,126,3,1562655091349,9,0,'ENV-1326',''),(137,'Gantt. TLH labels resize fail (qlik)',1562630400000,1562716799999,1562630400000,1562716799999,1.00,109,3,1562644792065,1,0,'DVF-4293',''),(138,'ShowInDG control',1562630400000,1562716799999,1562630400000,1562716799999,1.00,126,3,1562820586067,9,0,'ENV-1327',''),(139,'Desktop Failed',1562630400000,1562716799999,1562630400000,1562716799999,1.00,126,3,1562644767670,1,0,'ENV-1328',''),(140,'About panel',1562889600000,1562975999999,1562716800000,1562803199999,1.00,126,3,1564558380828,9,0,'ENV-1329',''),(141,'Multipage printring',1562630400000,1562803199999,1562716800000,1562803199999,1.00,126,3,1564558368089,8,0,'ENV-1330',''),(142,'Mapping. pt 2',1562630400000,1562716799999,1562630400000,1562716799999,1.00,126,3,1562655098545,9,0,'ENV-1331',''),(143,'Print / SaveAs / qlik export',1563321600000,1563407999999,1562630400000,1562716799999,1.00,126,3,1563520401555,1,0,'',''),(144,'Gantt. Multi-select',1562630400000,1562975999999,1562630400000,1562975999999,1.00,109,3,1564558190300,3,0,'DVF-4294',''),(145,'Both side SELECTION',1563408000000,1563494399999,1562803200000,1562889599999,1.00,126,3,1563520416954,1,0,'ENV-1332',''),(146,'Hover (toolbar)',1562630400000,1562716799999,NULL,NULL,1.00,126,3,1562726369678,9,0,'',''),(147,'STAGE A',NULL,NULL,1563148800000,1563580799999,NULL,126,3,1563245314231,NULL,0,'',''),(148,'Fix SAVE images',1563148800000,1563235199999,1563148800000,1563235199999,1.00,147,3,1563245251372,9,0,'','1'),(149,'Colored grid Icons',1563148800000,1563321599999,1563148800000,1563235199999,1.00,147,3,1563355749688,1,0,'','2'),(150,'Preview milestones enable',NULL,NULL,NULL,NULL,1.00,147,3,1563437294555,1,0,'ENV-1334','3'),(151,'Today marker',1563235200000,1563321599999,1563235200000,1563321599999,1.00,147,3,1563355754536,9,0,'ENV-1333','4'),(152,'Elements fill/stroke settings',1563235200000,1563321599999,NULL,NULL,1.00,147,3,1563355759961,1,0,'ENV-1334','5'),(153,'Selection option',1562889600000,1563235199999,NULL,NULL,1.00,147,3,1563181626997,1,0,'','6'),(154,'Timeline levels coloring',1563321600000,1563407999999,NULL,NULL,1.00,147,3,1563355766453,9,0,'ENV-1335','7'),(155,'Disable Interactivity',1563321600000,1563407999999,1563408000000,1563494399999,1.00,147,3,1563355792042,9,0,'ENV-1336',''),(156,'STAGE B',NULL,NULL,1563753600000,1564185599999,NULL,126,3,1563519251051,NULL,0,'',''),(157,'Initial Date interval',1563494400000,1563580799999,1563753600000,1563926399999,1.00,156,3,1563760826206,9,0,'ENV-1337',''),(158,'Localization',1563753600000,1564012799999,1563753600000,1564012799999,1.00,156,3,1564116294010,11,0,'ENV-1338',''),(159,'Tooltip settings',1563753600000,1564012799999,1563753600000,1564012799999,1.00,156,3,1564116299617,9,0,'ENV-1339',''),(160,'Research (license, theming)',1563753600000,1563926399999,1563753600000,1563926399999,1.00,156,3,1564558447122,9,0,'ENV-1340',''),(161,'License, Theming',NULL,NULL,1563926400000,1564185599999,NULL,156,3,1563761046483,NULL,0,'ENV-1341',''),(162,'Download scripts',1563926400000,1564099199999,NULL,NULL,1.00,156,3,1564116310789,4,0,'',''),(163,'Data operators AC_smth',1564099200000,1564617599999,1564099200000,1564185599999,0.60,156,3,1564558559085,9,0,'ENV-1354',''),(164,'DataGrid auto separator',1563926400000,1564617599999,1563926400000,1564099199999,0.60,156,3,1564558869488,11,0,'ENV-1342',''),(165,'Bundle modules.min.js',1564099200000,1564185599999,1564099200000,1564185599999,1.00,156,3,1564113949207,9,0,'ENV-1344',''),(166,'Qlik',NULL,NULL,NULL,NULL,NULL,NULL,4,1563938279434,NULL,0,'',''),(167,'AnyChart',NULL,NULL,NULL,NULL,NULL,NULL,4,1563938293993,NULL,0,'',''),(168,'Support',NULL,NULL,NULL,NULL,NULL,NULL,4,1563938302553,NULL,0,'',''),(169,'Environment',NULL,NULL,NULL,NULL,NULL,NULL,4,1563938312616,NULL,0,'',''),(170,'Bug. Gauge. Ticks issue',NULL,NULL,NULL,NULL,1.00,168,4,1565684508660,3,0,'DVF-4289',''),(171,'Bug. Gauge. Scalebar from 0',NULL,NULL,NULL,NULL,1.00,168,4,1565684547175,8,0,'DVF-4290',''),(172,'Bug. Gauge. Ticks miss',NULL,NULL,NULL,NULL,1.00,168,4,1565684601837,11,0,'DVF-4291',''),(173,'Bug. Gauge. Ticks calc',NULL,NULL,NULL,NULL,NULL,168,4,1566547432620,3,0,'DVF-4292',''),(174,'Release Gantt 4.0',NULL,NULL,NULL,NULL,NULL,166,4,1563938479711,NULL,0,'',''),(175,'RC 8.7.0 fixes',NULL,NULL,1564531200000,1564617599999,NULL,109,3,1564558256418,NULL,0,'DVF-4308',''),(176,'Stage A',NULL,NULL,NULL,NULL,NULL,166,4,1565659209976,NULL,0,'',''),(177,'Multi-select Coloring',1566864000000,1567209599999,1565654400000,1566345599999,1.00,176,4,1567157006320,3,0,'ENV-1351','1'),(178,'Labels Settings (like tooltips)',1565308800000,1566604799999,1565308800000,1565827199999,1.00,176,4,1567155435394,9,0,'ENV-1348','1'),(179,'Labels/Tooltips Background settings',1566172800000,1567209599999,1565568000000,1565654399999,0.60,176,4,1567155363732,9,0,'ENV-1357','4'),(180,'Global? Font settings',1566777600000,1567295999999,1565568000000,1565654399999,0.30,176,4,1567155276082,10,0,'ENV-1358','4'),(181,'DataGrid resize columns',1565740800000,1567036799999,NULL,NULL,1.00,176,4,1567155262783,11,0,'ENV-1342','4'),(182,'Custom numbers (zero column)',NULL,NULL,1565568000000,1565654399999,1.00,176,4,1568602553354,11,0,'ENV-1356','3'),(183,'Dimension Progress bar',NULL,NULL,1565568000000,1565654399999,NULL,176,4,1568602598280,3,0,'ENV-1370','5'),(184,'Map As (Role as)',1566777600000,1566950399999,1565568000000,1565654399999,1.00,176,4,1566890379800,11,0,'ENV-1352','5'),(185,'License',NULL,NULL,1565568000000,1565654399999,NULL,176,4,1565683298733,NULL,0,'','7'),(186,'Baseline / Actual progress labels',NULL,NULL,1565568000000,1565654399999,NULL,176,4,1565683326432,NULL,0,'','6'),(187,'Custom Themes',NULL,NULL,1565568000000,1565654399999,NULL,176,4,1565683425479,NULL,0,'','7'),(188,'Tooltips/Labels defaults',NULL,NULL,1565568000000,1565654399999,NULL,176,4,1565734383438,7,0,'ENV-1355','4'),(189,'Locales (check)',1564617600000,1566863999999,1564617600000,1565999999999,1.00,176,4,1567155230937,11,0,'ENV-1338','5'),(190,'Soft Min/Max',NULL,NULL,NULL,NULL,1.00,176,4,1566538041748,7,1,'ENV-1353','4'),(191,'Initial range (zoom)',1566518400000,1567036799999,NULL,NULL,1.00,176,4,1567155244176,9,0,'ENV-1337','4'),(192,'Right panel managements',1566864000000,1567123199999,1565654400000,1566345599999,1.00,176,4,1567155211455,1,0,'ENV-1354','6'),(193,'Browser support',1566259200000,1566431999999,NULL,NULL,1.00,176,4,1567055357442,4,0,'ENV-1359','4'),(194,'Printing (all exts problem)',1566518400000,1566863999999,NULL,NULL,0.90,176,4,1566792283771,8,0,'ENV-1361','7'),(195,'Data preprocess optimizations',NULL,NULL,NULL,NULL,NULL,176,4,1565683586863,NULL,0,'','9'),(196,'Check Fiscal Year',NULL,NULL,NULL,NULL,NULL,176,4,1565753526437,NULL,1,'','5'),(197,'Support',NULL,NULL,NULL,NULL,NULL,NULL,5,1567654986886,NULL,0,'',''),(198,'AnyChart',NULL,NULL,NULL,NULL,NULL,NULL,5,1567654986886,NULL,0,'',''),(199,'Environment',NULL,NULL,NULL,NULL,NULL,NULL,5,1567654986886,NULL,0,'',''),(200,'Qlik',NULL,NULL,NULL,NULL,NULL,NULL,5,1567654986886,NULL,0,'',''),(201,'Locale Improvements',1568592000000,NULL,NULL,NULL,1.00,200,5,1569916434817,11,0,'ENV-1376',''),(202,'Font Settings improvements',1568592000000,NULL,NULL,NULL,1.00,200,5,1569916439543,10,0,'ENV-1377',''),(203,'Excluding Dropdown Component',NULL,NULL,NULL,NULL,1.00,200,5,1569916483310,9,0,'ENV-1378',''),(204,'Color Improvements',NULL,NULL,NULL,NULL,1.00,200,5,1569916444063,11,0,'ENV-1379',''),(205,'Custom Numbering',1567382400000,1568851199999,NULL,NULL,1.00,200,5,1569916448075,11,0,'ENV-1356',''),(206,'File Upload Proof',1567555200000,1569023999999,NULL,NULL,1.00,200,5,1569916550408,11,0,'ENV-1364',''),(207,'Themes Upload',1567987200000,1568937599999,NULL,NULL,1.00,200,5,1569916554832,11,0,'ENV-1371',''),(208,'Full test app',1567641600000,1569023999999,NULL,NULL,0.60,200,5,1568622772511,8,0,'ENV-1366',''),(209,'New repo (webpack)',1567382400000,1569283199999,NULL,NULL,1.00,200,5,1569916460842,9,0,'ENV-1369',''),(210,'Dim Aggr Settings',1567987200000,1569023999999,NULL,NULL,1.00,200,5,1569916465598,3,0,'ENV-1370',''),(211,'Define Rework',1569196800000,1569455999999,NULL,NULL,1.00,200,5,1569916470302,3,0,'ENV-1375',''),(212,'Label positions',1568592000000,NULL,NULL,NULL,NULL,200,5,1568624385462,4,0,'ENV-1382',''),(213,'utils.execShell',1568678400000,1568764799999,1568678400000,1568764799999,1.00,200,5,1568703865451,4,0,'ENV-1380',''),(214,'Fast license builder',NULL,NULL,1568764800000,1568851199999,NULL,200,5,1568623688372,4,0,'ENV-1381',''),(215,'Grid settings',NULL,NULL,NULL,NULL,1.00,200,5,1569916529637,10,0,'ENV-1384',''),(216,'RFCTR',NULL,NULL,NULL,NULL,NULL,200,5,1568879208447,NULL,0,'',''),(217,'ES Lint',NULL,NULL,NULL,NULL,1.00,216,5,1569916542784,NULL,0,'ENV-1385',''),(218,'Build Deploy scripts',NULL,NULL,NULL,NULL,NULL,216,5,1568879570637,NULL,0,'ENV-1386',''),(219,'Qlik',NULL,NULL,NULL,NULL,NULL,NULL,6,1569904329869,NULL,0,'',''),(220,'AnyChart',NULL,NULL,NULL,NULL,NULL,NULL,6,1569904329869,NULL,0,'',''),(221,'Support',NULL,NULL,NULL,NULL,NULL,NULL,6,1569904329869,NULL,0,'',''),(222,'Bug report (label issues)',1570406400000,1570492799999,1570406400000,1570665599999,1.00,219,6,1570605584899,9,0,'ENV-1383',''),(223,'Toolbar hide on snapshot',1570579200000,1571183999999,1570579200000,1571183999999,1.00,219,6,1571121919185,3,0,'ENV-1391',''),(224,'Toolbar localization',1570752000000,1571097599999,1570752000000,1571097599999,1.00,220,6,1571127494326,11,0,'DVF-4337',''),(225,'Toolbar expand/collapse icons',1570665600000,1570838399999,1570665600000,1570751999999,1.00,220,6,1570777763265,11,0,'DVF-4336',''),(226,'Master item bug',1570492800000,1570665599999,NULL,NULL,1.00,219,6,1570593432807,3,0,'ENV-1393',''),(227,'Dimension color issue',1570492800000,1570665599999,1570406400000,1570665599999,1.00,219,6,1570605900366,11,0,'ENV-1392',''),(228,'Labels position',1570492800000,1570838399999,1570492800000,1570838399999,1.00,219,6,1570698496852,11,0,'ENV-1382',''),(229,'Indent Data in Resource gantt',1570406400000,1570579199999,1570406400000,1570579199999,1.00,219,6,1570607344885,3,0,'ENV-1375',''),(230,'Themes',NULL,NULL,NULL,NULL,NULL,219,6,1569915897248,NULL,0,'ENV-1371',''),(231,'Default settings',1570579200000,1570665599999,1570579200000,1570665599999,1.00,219,6,1570698507331,9,0,'ENV-1355',''),(232,'Connectors PoC implemetation',1571097600000,1571356799999,NULL,NULL,1.00,219,6,1571800557834,4,0,'ENV-1396','1'),(233,'Research: Zoom levels (competitors)',1570752000000,1572566399999,1570752000000,1571270399999,1.00,219,6,1572595101262,2,0,'ENV-1363','9'),(234,'About improvements',1570492800000,1570665599999,1570492800000,1570665599999,1.00,219,6,1570681470961,10,0,'ENV-1395','3'),(235,'Download server (separate v3)',1569974400000,1570060799999,1569974400000,1570060799999,1.00,219,6,1570777798064,4,0,'ENV-1394','3'),(236,'Qlik-3.4 No data issue',NULL,NULL,NULL,NULL,NULL,221,6,1571636794264,NULL,1,'ENV-1372',''),(237,'No data issue',1570492800000,1570579199999,NULL,NULL,1.00,219,6,1570605779829,11,0,'ENV-1398',''),(238,'IE 11 issue',1570406400000,1570492799999,1570147200000,1570665599999,1.00,219,6,1570605798617,11,0,'ENV-1400',''),(239,'Excluding DropDown issue',1570147200000,1570579199999,1570147200000,1570579199999,1.00,219,6,1570608581724,3,0,'ENV-1401',''),(240,'HC & Dim Cond Calculation',1570752000000,1571183999999,1570752000000,1571183999999,1.00,219,6,1571127481430,9,0,'ENV-1402','1'),(241,'Definition Panel Reload',1570492800000,1570665599999,NULL,NULL,1.00,219,6,1570593503229,9,0,'ENV-1403',''),(242,'Bug: chart repaint',1571097600000,1571443199999,1570665600000,1570838399999,1.00,219,6,1572595083031,9,0,'ENV-1405',''),(243,'Collapsed by defaults',NULL,NULL,1571097600000,1571183999999,1.00,219,6,1571202411893,9,0,'ENV-1407',''),(244,'Scale min/max/zoom',1570752000000,1571183999999,1570752000000,1571097599999,1.00,219,6,1571111757297,10,0,'ENV-1408','1'),(245,'License (trial / purchase)',1571184000000,1571961599999,1571184000000,NULL,1.00,219,6,1571885634632,3,0,'ENV-1411',''),(246,'SetAnalysis (qFallbackTitle)',1571097600000,1571356799999,1571097600000,1571183999999,1.00,219,6,1571631385216,11,0,'ENV-1409',''),(247,'TRUE expand/coolapse (over data)',NULL,NULL,NULL,NULL,NULL,219,6,1571111080466,NULL,0,'ENV-1410',''),(248,'License Server gantt-4',1571097600000,1571270399999,1571097600000,1571270399999,1.00,219,6,1571631421301,1,0,'ENV-1397',''),(249,'Layout Refactoring',1571184000000,1571961599999,1571184000000,1571443199999,1.00,219,6,1571885652298,9,0,'ENV-1413',''),(250,'Tooltip inline issue',NULL,NULL,NULL,NULL,1.00,219,6,1571734424783,11,0,'ENV-1414',''),(251,'Include zero values',1571788800000,1571961599999,1571788800000,1571875199999,1.00,219,6,1572228541430,11,0,'ENV-1420',''),(252,'Broken Convert To',1571875200000,1571961599999,1571788800000,1571875199999,1.00,219,6,1571885694166,NULL,0,'ENV-1421',''),(253,'AnyChart',NULL,NULL,NULL,NULL,NULL,NULL,7,1571888374711,NULL,0,'',''),(254,'Qlik',NULL,NULL,NULL,NULL,NULL,NULL,7,1571888374711,NULL,0,'',''),(255,'Support',NULL,NULL,NULL,NULL,NULL,NULL,7,1571888374711,NULL,0,'',''),(256,'Do/Undo Actions rework',NULL,NULL,NULL,NULL,NULL,254,7,1573101374570,NULL,1,'ENV-1423',''),(257,'Labels auto anchors (30-35h)',NULL,NULL,NULL,NULL,NULL,253,7,1573634898060,NULL,0,'DVF-4343','?'),(258,'Toolbar API improvements',NULL,NULL,NULL,NULL,0.50,253,7,1574128534165,10,0,'DVF-4248','9'),(259,'Gantt: Pseudo grouping task',1572566400000,1573257599999,NULL,NULL,1.00,253,7,1573098912555,3,0,'DVF-4338',''),(260,'Legend hover cursor',NULL,NULL,1572998400000,1573171199999,1.00,253,7,1574670447454,9,0,'DVF-4319',''),(261,'DateTime scale ignores min/max',NULL,NULL,1573430400000,1573516799999,NULL,253,7,1574392176394,NULL,1,'DVF-4329',''),(262,'[Persistent] Tappable area',NULL,NULL,1573430400000,1573516799999,1.00,255,7,1574670426926,3,0,'DVF-4327',''),(263,'[Persistent] Network chart on mobile',NULL,NULL,1573430400000,1573516799999,1.00,255,7,1574670433277,9,0,'DVF-4322',''),(264,'Restore Stock grid plot layout (40+h)',1574899200000,1574985599999,NULL,NULL,1.00,255,7,1574998157534,3,0,'DVF-4331',''),(265,'Вынос anychart-bundle',NULL,NULL,NULL,NULL,1.00,254,7,1574406982013,3,0,'ENV-1424',''),(266,'Do/Undo actions rework (performance)',NULL,NULL,NULL,NULL,NULL,254,7,1573101369754,9,0,'ENV-1423','?'),(267,'Expand/Collapse',1572566400000,1573171199999,1572566400000,1573084799999,1.00,254,7,1574128499718,3,0,'ENV-1410',''),(268,'Tank Gauge scaffold',NULL,NULL,NULL,NULL,0.50,254,7,1574128507317,NULL,0,'ENV-1417',''),(269,'Stock Chart scaffold',NULL,NULL,NULL,NULL,NULL,254,7,1574402856025,NULL,0,'QLIK-4',''),(270,'Data Paginator',1572480000000,1573171199999,NULL,NULL,0.90,254,7,1573100443229,10,0,'ENV-1415',''),(271,'Labels allow auto anchor',NULL,NULL,NULL,NULL,NULL,254,7,1573101231734,NULL,0,'ENV-1437','?'),(272,'Labels useHtml',NULL,NULL,NULL,NULL,NULL,254,7,1573101988616,NULL,0,'ENV-1438','X'),(273,'prefix \'anychart\'',1573430400000,NULL,1573430400000,1573775999999,1.00,254,7,1575262766640,1,0,'ENV-1439',''),(274,'[Logility] Legend items aligment',NULL,NULL,1573603200000,1573862399999,1.00,255,7,1574670439538,3,0,'DVF-4340',''),(275,'phase 1',1572393600000,1572998399999,NULL,NULL,1.00,258,7,1573634909712,10,0,'',''),(276,'phase 2',NULL,NULL,1574812800000,1575071999999,NULL,258,7,1573098869544,NULL,1,'',''),(277,'phase 2',NULL,NULL,1574812800000,1575071999999,NULL,258,7,1573119215966,10,0,'','9'),(278,'Dimension limitations (0.5-1h)',1574121600000,1574207999999,1574121600000,1574207999999,1.00,254,7,1574669556056,9,0,'ENV-1440','?'),(279,'Dimension limitations v3.5 (2-5h)',NULL,NULL,NULL,NULL,NULL,254,7,1573102437196,NULL,0,'ENV-1436','?'),(280,'Labels auto white color (35-40h)',NULL,NULL,NULL,NULL,NULL,253,7,1573101252066,NULL,0,'DVF-4346','?'),(281,'phase 1 ',1572220800000,1572393599999,NULL,NULL,1.00,268,7,1573101500243,11,0,'',''),(282,'reject rework',NULL,NULL,1573430400000,1573516799999,NULL,268,7,1574668981953,2,0,'',''),(283,'Connector issue (paging, collapse)',NULL,NULL,NULL,NULL,NULL,254,7,1574669527957,NULL,0,'QLIK-11',''),(284,'License Expired rework ',NULL,NULL,NULL,NULL,0.90,254,7,1575009664647,2,0,'QLIK-7',''),(285,'Dimension column labels',1573862400000,1574035199999,NULL,NULL,1.00,254,7,1574127617945,1,0,'ENV-1447','1'),(286,'Tooltip for Resource periods',1574380800000,NULL,1574380800000,1574812799999,1.00,254,7,1575009655757,10,0,'ENV-1454',''),(287,'Tooltip for Resource periods',1574380800000,NULL,1574380800000,1574812799999,NULL,254,7,1574397467036,10,1,'ENV-1454',''),(288,'Переделать шапку window.anychart',1574208000000,1574899199999,1574208000000,1575071999999,0.30,253,7,1574670341641,9,0,'DVF-4348',''),(289,'Disable connector settings',NULL,NULL,NULL,NULL,NULL,254,7,1574670574613,NULL,0,'QLIK-25',''),(290,'Select marquee vs selection mode',NULL,NULL,NULL,NULL,1.00,255,7,1575357824103,9,0,'DVF-4341',''),(291,'Support',NULL,NULL,NULL,NULL,NULL,NULL,8,1575357419931,NULL,0,'',''),(292,'AnyChart',NULL,NULL,NULL,NULL,NULL,NULL,8,1575357419931,NULL,0,'',''),(293,'Environment',NULL,NULL,NULL,NULL,NULL,NULL,8,1575357419931,NULL,0,'',''),(294,'Qlik',NULL,NULL,NULL,NULL,NULL,NULL,8,1575357419931,NULL,0,'',''),(295,'Gantt ticks limit',NULL,NULL,NULL,NULL,1.00,292,8,1576054424832,9,0,'DVF-4357',''),(296,'Gantt Milestone-preview Tooltip',1575244800000,1575503999999,1575244800000,1575503999999,1.00,292,8,1576054431295,3,0,'DVF-4356',''),(297,'Milestones-preview Issues',NULL,NULL,1575504000000,1575676799999,NULL,294,8,1575357613606,3,0,'QLIK-28',''),(298,'RC 8.7.1 testing',NULL,NULL,NULL,NULL,NULL,292,8,1575357852392,NULL,0,'',''),(299,'Release Script',NULL,NULL,NULL,NULL,NULL,294,8,1575357876546,NULL,0,'QLIK-31',''),(300,'RC 4.0.240 testing',NULL,NULL,NULL,NULL,NULL,294,8,1575359631585,NULL,0,'',''),(301,'Security Error (Merck)',1575244800000,1575503999999,1575244800000,1575503999999,1.00,291,8,1576054438671,1,0,'QLIK-27',''),(302,'Demos/Example generator',NULL,NULL,NULL,NULL,0.90,294,8,1575960253078,1,0,'QLIK-22',''),(303,'Пустой график без данных',NULL,NULL,NULL,NULL,1.00,294,8,1576054464810,10,0,'QLIK-20',''),(304,'Server: выбор версии для скачивания',NULL,NULL,NULL,NULL,NULL,294,8,1575360185086,NULL,0,'QLIK-23',''),(305,'Import/Export Properties',NULL,NULL,NULL,NULL,NULL,294,8,1575360225446,1,0,'QLIK-24',''),(306,'Qlik-QA',NULL,NULL,NULL,NULL,NULL,293,8,1575360371741,NULL,0,'',''),(307,'DB',NULL,NULL,NULL,NULL,NULL,306,8,1575360477118,NULL,0,'QLIK-15',''),(308,'Web interface',NULL,NULL,NULL,NULL,NULL,306,8,1575360486256,NULL,0,'QLIK-14',''),(309,'Refactoring',NULL,NULL,NULL,NULL,NULL,306,8,1575360513250,NULL,0,'ENV-1431',''),(310,'compare branch',NULL,NULL,NULL,NULL,NULL,306,8,1575360496453,NULL,0,'QLIK-16',''),(311,'Tableau',NULL,NULL,NULL,NULL,NULL,NULL,8,1576054561159,NULL,0,'',''),(312,'Power BI',NULL,NULL,NULL,NULL,NULL,NULL,8,1576054573199,NULL,0,'',''),(313,'Research Extensions',1576108800000,1576540799999,NULL,NULL,NULL,312,8,1576486043199,3,1,'',''),(314,'Research Extensions',1576108800000,1576540799999,NULL,NULL,NULL,312,8,1576055836880,3,0,'ENV-1459',''),(315,'Servers',NULL,NULL,NULL,NULL,NULL,293,8,1576226243316,NULL,0,'',''),(316,'Demo-demo',NULL,NULL,NULL,NULL,NULL,315,8,1576226294339,NULL,0,'ENV-1461',''),(317,'1.33 Update Nov Patch 1',NULL,NULL,NULL,NULL,NULL,315,8,1576226594028,NULL,0,'ENV-1458',''),(318,'Варианты идентификации',NULL,NULL,NULL,NULL,NULL,311,8,1576466743215,NULL,0,'ENV-1463',''),(319,'Порядок на static.anychart.com',NULL,NULL,NULL,NULL,NULL,315,8,1576464525107,NULL,0,'ENV-1462',''),(320,'Research Decomposition Tree Chart',NULL,NULL,NULL,NULL,NULL,292,8,1576465446239,NULL,0,'DVF-4362',''),(321,'Decomposition Tree Chart',NULL,NULL,NULL,NULL,NULL,294,8,1576465563032,NULL,0,'QLIK-38',''),(322,'Gantt Project/Resource ASAP',NULL,NULL,NULL,NULL,NULL,311,8,1576742655106,NULL,0,'ENV-1464',''),(323,'AWS 5 servers',NULL,NULL,NULL,NULL,NULL,315,8,1576486065250,NULL,0,'ENV-1465',''),(324,'Gantt Project/Resource ASAP',NULL,NULL,NULL,NULL,NULL,312,8,1576742663286,NULL,0,'ENV-1468',''),(325,'Qlik',NULL,NULL,NULL,NULL,NULL,NULL,9,1578545680098,NULL,0,'',''),(326,'AnyChart',NULL,NULL,NULL,NULL,NULL,NULL,9,1578545680098,NULL,0,'',''),(327,'Tableau',NULL,NULL,NULL,NULL,NULL,NULL,9,1578545680098,NULL,0,'',''),(328,'Support',NULL,NULL,NULL,NULL,NULL,NULL,9,1578545680098,NULL,0,'',''),(329,'Environment',NULL,NULL,NULL,NULL,NULL,NULL,9,1578545680098,NULL,0,'',''),(330,'Power BI',NULL,NULL,NULL,NULL,NULL,NULL,9,1579144405126,NULL,0,'',''),(331,'Connectors type',1578528000000,1578614399999,1578528000000,1578700799999,1.00,364,9,1580368691561,2,0,'QLIK-36',''),(332,'Timeline Chart',1578614400000,1581724799999,1578873600000,1579910399999,0.30,325,9,1581403565376,2,0,'QLIK-37',''),(333,'Clients qlik version',1580169600000,1580428799999,NULL,NULL,1.00,364,9,1580969722568,1,0,'QLIK-35',''),(334,'4.0.241 mini release',1580947200000,1581379199999,NULL,NULL,1.00,364,9,1581405846609,1,0,'QLIK-52',''),(335,'Gantt Chart (POC)',1579046400000,1580515199999,1579046400000,1580342399999,0.30,330,9,1580290927129,10,0,'ENV-1468',''),(336,'Users Identity',1578528000000,1578700799999,NULL,NULL,1.00,327,9,1579077799105,9,0,'ENV-1463',''),(337,'Gantt Chart (POC)',1578960000000,1580255999999,1578960000000,1579910399999,0.60,327,9,1580203015062,9,0,'ENV-1464',''),(338,'Grouping task issues',1578614400000,1579046399999,1578614400000,1579046399999,1.00,364,9,1580368663225,13,0,'QLIK-45',''),(339,'Hierarchy fill issue',1579132800000,1579219199999,NULL,NULL,1.00,364,9,1580368647369,14,0,'QLIK-46',''),(340,'Zero-thickness issue',1578528000000,1579823999999,1578614400000,1579132799999,1.00,364,9,1580368639059,14,0,'QLIK-47',''),(341,'Dimension bars enable/disable',1579046400000,1579737599999,1579046400000,1579737599999,1.00,364,9,1580368634703,13,0,'QLIK-57',''),(342,'Label corners artfact',1578960000000,1579737599999,1578960000000,1579737599999,1.00,364,9,1580368626667,13,0,'QLIK-54',''),(343,'Definition panel UX impr',1578528000000,1580515199999,NULL,NULL,1.00,364,9,1580368616311,10,0,'QLIK-44',''),(344,'Interactivity section',1579132800000,1579564799999,1579132800000,1579305599999,1.00,364,9,1580368609671,14,0,'QLIK-60',''),(345,'Milestones Preview rework',1579219200000,1580428799999,1579219200000,1579910399999,0.80,365,9,1580368600604,13,0,'QLIK-28',''),(346,'Coloring/palettes',1579737600000,1580255999999,1579737600000,1580255999999,0.80,365,9,1580368593020,14,0,'QLIK-62',''),(347,'Gantt: работа с календарем',1580169600000,1581119999999,1580083200000,1581119999999,0.60,326,9,1580721224854,3,0,'DVF-4370',''),(348,'AnyChart',NULL,NULL,NULL,NULL,NULL,NULL,10,1579505440832,NULL,0,'',''),(349,'Qlik',NULL,NULL,NULL,NULL,NULL,NULL,10,1579505440832,NULL,0,'',''),(350,'Environment',NULL,NULL,NULL,NULL,NULL,NULL,10,1579505440832,NULL,0,'',''),(351,'Power BI',NULL,NULL,NULL,NULL,NULL,NULL,10,1579505440832,NULL,0,'',''),(352,'Tableau',NULL,NULL,NULL,NULL,NULL,NULL,10,1579505440832,NULL,0,'',''),(353,'Support',NULL,NULL,NULL,NULL,NULL,NULL,10,1579505440832,NULL,0,'',''),(354,'Gantt: overlap labels',NULL,NULL,1580083200000,1580860799999,NULL,348,10,1579505527331,10,0,'DVF-4359',''),(355,'Baseline mapping issue',1579737600000,1579910399999,1579737600000,1579910399999,1.00,328,9,1580358574835,13,0,'QLIK-33',''),(356,'Tooltip font-family',1579737600000,1579823999999,1579737600000,1579823999999,1.00,328,9,1579752725909,13,0,'QLIK-67',''),(357,'Custom CSS (accordion)',NULL,NULL,1580169600000,1580515199999,NULL,365,9,1580965187357,13,0,'QLIK-66',''),(358,'Timeline issues',1579564800000,1580515199999,NULL,NULL,0.80,326,9,1580290998731,10,0,'DVF-4372',''),(359,'Gantt labels overlap',1578268800000,1580774399999,NULL,NULL,0.80,326,9,1580971289929,10,0,'DVF-4359',''),(360,'Events issue',1580169600000,1580255999999,NULL,NULL,1.00,328,9,1580205205528,3,0,'DVF-4252',''),(361,'Corner-radius issue',1580774400000,1580947199999,1580342400000,1580428799999,1.00,326,9,1580971233341,9,0,'DVF-4371',''),(362,'Toolbar font-size',NULL,NULL,1580342400000,1580428799999,NULL,326,9,1580350488493,9,0,'DVF-4375',''),(363,'Gantt: Zoom by scroll',1580342400000,1580515199999,1580342400000,1580515199999,0.70,326,9,1580969805633,9,0,'DVF-4376',''),(364,'4.0.241',NULL,NULL,NULL,NULL,NULL,325,9,1580368324972,NULL,0,'',''),(365,'4.1.242',NULL,NULL,NULL,NULL,NULL,325,9,1580368335243,NULL,0,'',''),(366,'Version History',1580342400000,1580428799999,NULL,NULL,1.00,364,9,1580971491335,4,0,'QLIK-80',''),(367,'Version History',NULL,NULL,NULL,NULL,NULL,365,9,1580376338879,4,0,'QLIK-81',''),(368,'Convertation Failure',1580428800000,1580860799999,1580428800000,1580515199999,1.00,364,9,1580965168679,13,0,'QLIK-76',''),(369,'Support',NULL,NULL,NULL,NULL,NULL,NULL,11,1580467859090,NULL,0,'',''),(370,'AnyChart',NULL,NULL,NULL,NULL,NULL,NULL,11,1580467859090,NULL,0,'',''),(371,'Power BI',NULL,NULL,NULL,NULL,NULL,NULL,11,1580467859090,NULL,0,'',''),(372,'Qlik',NULL,NULL,NULL,NULL,NULL,NULL,11,1580467859090,NULL,0,'',''),(373,'Tableau',NULL,NULL,NULL,NULL,NULL,NULL,11,1580467859090,NULL,0,'',''),(374,'test',NULL,NULL,NULL,NULL,NULL,NULL,11,1580980049993,NULL,1,'','');
/*!40000 ALTER TABLE `task` ENABLE KEYS */;
UNLOCK TABLES;

--
-- Table structure for table `user`
--

DROP TABLE IF EXISTS `user`;
/*!40101 SET @saved_cs_client     = @@character_set_client */;
/*!40101 SET character_set_client = utf8 */;
CREATE TABLE `user` (
  `id` int(11) NOT NULL AUTO_INCREMENT,
  `name` varchar(255) NOT NULL,
  `avatar` varchar(1024) NOT NULL,
  `deleted` tinyint(1) NOT NULL DEFAULT '0',
  `last_modified` bigint(20) NOT NULL,
  PRIMARY KEY (`id`)
) ENGINE=InnoDB AUTO_INCREMENT=15 DEFAULT CHARSET=utf8;
/*!40101 SET character_set_client = @saved_cs_client */;

--
-- Dumping data for table `user`
--

LOCK TABLES `user` WRITE;
/*!40000 ALTER TABLE `user` DISABLE KEYS */;
INSERT INTO `user` VALUES (1,'Kagakin','https://avatars0.githubusercontent.com/u/301098?s=96&v=4',0,1560230884166),(2,'Baranov','https://avatars3.githubusercontent.com/u/14055212?s=96&v=4',0,1560230925474),(3,'Kudryavtsev','https://avatars3.githubusercontent.com/u/1116634?s=96&v=4',0,1560230908342),(4,'Vitaly','https://avatars2.githubusercontent.com/u/696305?s=96&v=4',0,1560230865294),(7,'Timothy','https://avatars0.githubusercontent.com/u/683710?s=96&v=4',0,1560230836576),(8,'Shestakov','https://avatars3.githubusercontent.com/u/24609062?s=96&v=4',0,1560230944792),(9,'Chengaev','https://avatars2.githubusercontent.com/u/28252648?s=96&v=4',0,1560230962821),(10,'Kurnoy','https://avatars2.githubusercontent.com/u/4188229?s=96&v=4',0,1560230978956),(11,'Chernetsky','https://avatars2.githubusercontent.com/u/843248?s=96&v=4',1,1579140701364),(12,'Baranchuk','https://avatars3.githubusercontent.com/u/703367?s=96&v=4',0,1560231019566),(13,'Klimov','https://avatar-management--avatars.us-west-2.prod.public.atl-paas.net/5e16d0edeb2ae70ea1e047cd/0c6ab8a0-53dd-445f-847b-eda7e10bfe41/128?size=48&s=48',0,1578623910117),(14,'Litvintsev','https://avatar-management--avatars.us-west-2.prod.public.atl-paas.net/5e16d0ec5361330daaeb54ea/636102ef-8f48-409a-a08b-f0540dc14103/128?size=48&s=48',0,1578623994482);
/*!40000 ALTER TABLE `user` ENABLE KEYS */;
UNLOCK TABLES;
/*!40103 SET TIME_ZONE=@OLD_TIME_ZONE */;

/*!40101 SET SQL_MODE=@OLD_SQL_MODE */;
/*!40014 SET FOREIGN_KEY_CHECKS=@OLD_FOREIGN_KEY_CHECKS */;
/*!40014 SET UNIQUE_CHECKS=@OLD_UNIQUE_CHECKS */;
/*!40101 SET CHARACTER_SET_CLIENT=@OLD_CHARACTER_SET_CLIENT */;
/*!40101 SET CHARACTER_SET_RESULTS=@OLD_CHARACTER_SET_RESULTS */;
/*!40101 SET COLLATION_CONNECTION=@OLD_COLLATION_CONNECTION */;
/*!40111 SET SQL_NOTES=@OLD_SQL_NOTES */;

-- Dump completed on 2020-02-11 15:30:30
