-- MySQL dump 10.13  Distrib 5.5.42-37.1, for debian-linux-gnu (x86_64)
--
-- Host: localhost    Database: internal_gantt
-- ------------------------------------------------------
-- Server version	5.5.42-37.1

/*!40101 SET @OLD_CHARACTER_SET_CLIENT=@@CHARACTER_SET_CLIENT */;
/*!40101 SET @OLD_CHARACTER_SET_RESULTS=@@CHARACTER_SET_RESULTS */;
/*!40101 SET @OLD_COLLATION_CONNECTION=@@COLLATION_CONNECTION */;
/*!40101 SET NAMES utf8 */;
/*!40103 SET @OLD_TIME_ZONE=@@TIME_ZONE */;
/*!40103 SET TIME_ZONE='+00:00' */;
/*!40014 SET @OLD_UNIQUE_CHECKS=@@UNIQUE_CHECKS, UNIQUE_CHECKS=0 */;
/*!40014 SET @OLD_FOREIGN_KEY_CHECKS=@@FOREIGN_KEY_CHECKS, FOREIGN_KEY_CHECKS=0 */;
/*!40101 SET @OLD_SQL_MODE=@@SQL_MODE, SQL_MODE='NO_AUTO_VALUE_ON_ZERO' */;
/*!40111 SET @OLD_SQL_NOTES=@@SQL_NOTES, SQL_NOTES=0 */;

--
-- Table structure for table `connector`
--

DROP TABLE IF EXISTS `connector`;
/*!40101 SET @saved_cs_client     = @@character_set_client */;
/*!40101 SET character_set_client = utf8 */;
CREATE TABLE `connector` (
  `id` int(11) NOT NULL AUTO_INCREMENT,
  `fromTask` int(11) NOT NULL,
  `connectTo` int(11) NOT NULL,
  `connType` varchar(64) DEFAULT NULL,
  PRIMARY KEY (`id`),
  KEY `from` (`fromTask`),
  KEY `to` (`connectTo`),
  CONSTRAINT `connector_ibfk_1` FOREIGN KEY (`fromTask`) REFERENCES `task` (`id`),
  CONSTRAINT `connector_ibfk_2` FOREIGN KEY (`connectTo`) REFERENCES `task` (`id`)
) ENGINE=InnoDB DEFAULT CHARSET=utf8;
/*!40101 SET character_set_client = @saved_cs_client */;

--
-- Dumping data for table `connector`
--

LOCK TABLES `connector` WRITE;
/*!40000 ALTER TABLE `connector` DISABLE KEYS */;
/*!40000 ALTER TABLE `connector` ENABLE KEYS */;
UNLOCK TABLES;

--
-- Table structure for table `log_action`
--

DROP TABLE IF EXISTS `log_action`;
/*!40101 SET @saved_cs_client     = @@character_set_client */;
/*!40101 SET character_set_client = utf8 */;
CREATE TABLE `log_action` (
  `date` timestamp NOT NULL DEFAULT CURRENT_TIMESTAMP,
  `email` varchar(50) NOT NULL,
  `action` varchar(10) NOT NULL,
  `log` text NOT NULL
) ENGINE=InnoDB DEFAULT CHARSET=utf8;
/*!40101 SET character_set_client = @saved_cs_client */;

--
-- Dumping data for table `log_action`
--

LOCK TABLES `log_action` WRITE;
/*!40000 ALTER TABLE `log_action` DISABLE KEYS */;
INSERT INTO `log_action` VALUES ('2020-02-11 06:41:25','vitaly.radionov@anychart.com','update','Task 332 ({\"id\":\"332\",\"name\":\"Timeline Chart\",\"url\":\"QLIK-37\",\"priority\":\"\",\"actualStart\":\"1578614400000\",\"actualEnd\":\"1581724799999\",\"baselineStart\":\"1578873600000\",\"baselineEnd\":\"1579910399999\",\"progressValue\":\"0.8\",\"parent\":\"325\",\"project\":\"9\",\"parentsToReset\":\"[]\",\"assignee\":\"2\",\"deleted\":\"0\"})'),('2020-02-11 06:46:05','vitaly.radionov@anychart.com','update','Task 332 ({\"id\":\"332\",\"name\":\"Timeline Chart\",\"url\":\"QLIK-37\",\"priority\":\"\",\"actualStart\":\"1578614400000\",\"actualEnd\":\"1581724799999\",\"baselineStart\":\"1578873600000\",\"baselineEnd\":\"1579910399999\",\"progressValue\":\"0.3\",\"parent\":\"325\",\"project\":\"9\",\"parentsToReset\":\"[]\",\"assignee\":\"2\",\"deleted\":\"0\"})'),('2020-02-11 07:24:06','vitaly.radionov@anychart.com','update','Task 334 ({\"id\":\"334\",\"name\":\"4.0.241 mini release\",\"url\":\"QLIK-52\",\"priority\":\"\",\"actualStart\":\"1580947200000\",\"actualEnd\":\"1581379199999\",\"baselineStart\":\"\",\"baselineEnd\":\"\",\"progressValue\":\"1\",\"parent\":\"364\",\"project\":\"9\",\"parentsToReset\":\"[]\",\"assignee\":\"1\",\"deleted\":\"0\"})'),('2020-02-11 08:04:19','vitaly.radionov@anychart.com','update','Task 375 ({\"id\":\"375\",\"name\":\"Gantt Chart POC\",\"url\":\"ENV-1468\",\"priority\":\"\",\"actualStart\":\"\",\"actualEnd\":\"\",\"baselineStart\":\"\",\"baselineEnd\":\"\",\"progressValue\":\"0.6\",\"parent\":\"351\",\"project\":\"10\",\"parentsToReset\":\"[]\",\"assignee\":\"10\",\"deleted\":\"0\"})'),('2020-02-11 08:06:20','vitaly.radionov@anychart.com','update','Task 377 ({\"id\":\"377\",\"name\":\"design\",\"url\":\"ENV-1464\",\"priority\":\"\",\"actualStart\":\"1581292800000\",\"actualEnd\":\"1581551999999\",\"baselineStart\":\"1581292800000\",\"baselineEnd\":\"1581551999999\",\"progressValue\":\"0\",\"parent\":\"376\",\"project\":\"10\",\"parentsToReset\":\"[]\",\"assignee\":\"2\",\"deleted\":\"0\"})'),('2020-02-11 08:09:52','vitaly.radionov@anychart.com','update','Task 378 ({\"id\":\"378\",\"name\":\"Gantt Calendar\",\"url\":\"DVF-4370\",\"priority\":\"\",\"actualStart\":\"1580688000000\",\"actualEnd\":\"1581551999999\",\"baselineStart\":\"1580688000000\",\"baselineEnd\":\"1581724799999\",\"progressValue\":\"0.6\",\"parent\":\"348\",\"project\":\"10\",\"parentsToReset\":\"[]\",\"assignee\":\"3\",\"deleted\":\"0\"})'),('2020-02-11 08:13:36','vitaly.radionov@anychart.com','update','Task 379 ({\"id\":\"379\",\"name\":\"TImeline issues\",\"url\":\"DVF-4377\",\"priority\":\"\",\"actualStart\":\"1580688000000\",\"actualEnd\":\"1581465599999\",\"baselineStart\":\"1580688000000\",\"baselineEnd\":\"1581119999999\",\"progressValue\":\"0\",\"parent\":\"348\",\"project\":\"10\",\"parentsToReset\":\"[]\",\"assignee\":\"10\",\"deleted\":\"0\"})'),('2020-02-11 08:15:31','vitaly.radionov@anychart.com','update','Task 380 ({\"id\":\"380\",\"name\":\"Timeline Chart\",\"url\":\"QLIK-37\",\"priority\":\"\",\"actualStart\":\"1579564800000\",\"actualEnd\":\"1581983999999\",\"baselineStart\":\"1579564800000\",\"baselineEnd\":\"1581379199999\",\"progressValue\":\"0.9\",\"parent\":\"349\",\"project\":\"10\",\"parentsToReset\":\"[]\",\"assignee\":\"2\",\"deleted\":\"0\"})'),('2020-02-11 08:16:39','vitaly.radionov@anychart.com','update','Task 381 ({\"id\":\"381\",\"name\":\"4.0.241\",\"url\":\"QLIK-52\",\"priority\":\"\",\"actualStart\":\"\",\"actualEnd\":\"\",\"baselineStart\":\"\",\"baselineEnd\":\"\",\"progressValue\":\"0\",\"parent\":\"349\",\"project\":\"10\",\"parentsToReset\":\"[]\",\"assignee\":\"1\",\"deleted\":\"0\"})'),('2020-02-11 08:19:44','vitaly.radionov@anychart.com','update','Task 385 ({\"id\":\"385\",\"name\":\"Version history\",\"url\":\"QLIK-81\",\"priority\":\"\",\"actualStart\":\"\",\"actualEnd\":\"\",\"baselineStart\":\"\",\"baselineEnd\":\"\",\"progressValue\":\"0\",\"parent\":\"382\",\"project\":\"10\",\"parentsToReset\":\"[]\",\"assignee\":\"4\",\"deleted\":\"0\"})'),('2020-02-11 08:20:02','vitaly.radionov@anychart.com','update','Task 386 ({\"id\":\"386\",\"name\":\"Custom CSS\",\"url\":\"QLIK-66\",\"priority\":\"\",\"actualStart\":\"\",\"actualEnd\":\"\",\"baselineStart\":\"\",\"baselineEnd\":\"\",\"progressValue\":\"0\",\"parent\":\"382\",\"project\":\"10\",\"parentsToReset\":\"[]\",\"assignee\":\"13\",\"deleted\":\"0\"})'),('2020-02-18 07:49:49','anton.kagakin@anychart.com','update','Task 381 ({\"id\":\"381\",\"name\":\"4.0.241\",\"url\":\"QLIK-52\",\"priority\":\"\",\"actualStart\":\"\",\"actualEnd\":\"\",\"baselineStart\":\"\",\"baselineEnd\":\"\",\"progressValue\":\"1\",\"parent\":\"349\",\"project\":\"10\",\"parentsToReset\":\"[]\",\"assignee\":\"1\",\"deleted\":\"0\"})'),('2020-02-18 07:50:09','anton.kagakin@anychart.com','update','Task 381 ({\"id\":\"381\",\"name\":\"4.0.241\",\"url\":\"QLIK-52\",\"priority\":\"\",\"actualStart\":\"1581465600000\",\"actualEnd\":\"1581724799999\",\"baselineStart\":\"\",\"baselineEnd\":\"\",\"progressValue\":\"1\",\"parent\":\"349\",\"project\":\"10\",\"parentsToReset\":\"[]\",\"assignee\":\"1\",\"deleted\":\"0\"})'),('2020-02-18 07:58:48','sergey.baranov@anychart.com','update','Task 377 ({\"id\":\"377\",\"name\":\"design\",\"url\":\"ENV-1464\",\"priority\":\"\",\"actualStart\":\"1581292800000\",\"actualEnd\":\"1582329599999\",\"baselineStart\":\"1581292800000\",\"baselineEnd\":\"1581551999999\",\"progressValue\":\"0\",\"parent\":\"376\",\"project\":\"10\",\"parentsToReset\":\"[]\",\"assignee\":\"2\",\"deleted\":\"0\"})'),('2020-02-18 07:59:10','sergey.baranov@anychart.com','update','Task 380 ({\"id\":\"380\",\"name\":\"Timeline Chart\",\"url\":\"QLIK-37\",\"priority\":\"\",\"actualStart\":\"1579564800000\",\"actualEnd\":\"1582934399999\",\"baselineStart\":\"1579564800000\",\"baselineEnd\":\"1581379199999\",\"progressValue\":\"0.9\",\"parent\":\"349\",\"project\":\"10\",\"parentsToReset\":\"[]\",\"assignee\":\"2\",\"deleted\":\"0\"})'),('2020-02-18 07:59:37','vladimir.litvintsev@anychart.com','update','Task 384 ({\"id\":\"384\",\"name\":\"Coloring/palettes\",\"url\":\"QLIK-62\",\"priority\":\"\",\"actualStart\":\"\",\"actualEnd\":\"\",\"baselineStart\":\"\",\"baselineEnd\":\"\",\"progressValue\":\"0.9\",\"parent\":\"382\",\"project\":\"10\",\"parentsToReset\":\"[]\",\"assignee\":\"14\",\"deleted\":\"0\"})'),('2020-02-18 08:00:16','vladimir.litvintsev@anychart.com','update','Task 384 ({\"id\":\"384\",\"name\":\"Coloring/palettes\",\"url\":\"QLIK-62\",\"priority\":\"\",\"actualStart\":\"1580515200000\",\"actualEnd\":\"1582329599999\",\"baselineStart\":\"\",\"baselineEnd\":\"\",\"progressValue\":\"0.9\",\"parent\":\"382\",\"project\":\"10\",\"parentsToReset\":\"[]\",\"assignee\":\"14\",\"deleted\":\"0\"})'),('2020-02-18 08:04:21','vitaly.radionov@anychart.com','Add','Task  ({\"id\":\"\",\"name\":\"Servers-conf settings\",\"url\":\"\",\"priority\":\"\",\"actualStart\":\"\",\"actualEnd\":\"\",\"baselineStart\":\"\",\"baselineEnd\":\"\",\"progressValue\":\"0\",\"parent\":\"352\",\"project\":\"10\",\"parentsToReset\":\"[]\",\"deleted\":\"0\"})'),('2020-02-18 08:04:49','vitaly.radionov@anychart.com','update','Task 387 ({\"id\":\"387\",\"name\":\"Servers-conf settings\",\"url\":\"\",\"priority\":\"\",\"actualStart\":\"\",\"actualEnd\":\"\",\"baselineStart\":\"1582502400000\",\"baselineEnd\":\"1582675199999\",\"progressValue\":\"0\",\"parent\":\"352\",\"project\":\"10\",\"parentsToReset\":\"[]\",\"assignee\":\"4\",\"deleted\":\"0\"})'),('2020-02-18 08:05:49','vitaly.radionov@anychart.com','Add','Task  ({\"id\":\"\",\"name\":\"Servers\",\"url\":\"\",\"priority\":\"\",\"actualStart\":\"\",\"actualEnd\":\"\",\"baselineStart\":\"\",\"baselineEnd\":\"\",\"progressValue\":\"0\",\"parent\":\"\",\"project\":\"10\",\"parentsToReset\":\"[]\",\"deleted\":\"0\"})'),('2020-02-18 08:06:07','vitaly.radionov@anychart.com','Add','Task  ({\"id\":\"\",\"name\":\"Навести порядок CDN\",\"url\":\"\",\"priority\":\"\",\"actualStart\":\"\",\"actualEnd\":\"\",\"baselineStart\":\"\",\"baselineEnd\":\"\",\"progressValue\":\"0\",\"parent\":\"388\",\"project\":\"10\",\"parentsToReset\":\"[]\",\"deleted\":\"0\"})'),('2020-02-18 08:06:12','vitaly.radionov@anychart.com','update','Task 389 ({\"id\":\"389\",\"name\":\"Навести порядок CDN\",\"url\":\"\",\"priority\":\"\",\"actualStart\":\"\",\"actualEnd\":\"\",\"baselineStart\":\"\",\"baselineEnd\":\"\",\"progressValue\":\"0\",\"parent\":\"388\",\"project\":\"10\",\"parentsToReset\":\"[]\",\"assignee\":\"4\",\"deleted\":\"0\"})'),('2020-02-18 08:06:43','vitaly.radionov@anychart.com','Add','Task  ({\"id\":\"\",\"name\":\"Download server\",\"url\":\"\",\"priority\":\"\",\"actualStart\":\"\",\"actualEnd\":\"\",\"baselineStart\":\"\",\"baselineEnd\":\"\",\"progressValue\":\"0\",\"parent\":\"352\",\"project\":\"10\",\"parentsToReset\":\"[]\",\"deleted\":\"0\"})'),('2020-02-18 08:06:50','vitaly.radionov@anychart.com','update','Task 390 ({\"id\":\"390\",\"name\":\"Download server\",\"url\":\"\",\"priority\":\"\",\"actualStart\":\"\",\"actualEnd\":\"\",\"baselineStart\":\"\",\"baselineEnd\":\"\",\"progressValue\":\"0\",\"parent\":\"352\",\"project\":\"10\",\"parentsToReset\":\"[]\",\"assignee\":\"4\",\"deleted\":\"0\"})'),('2020-02-18 08:07:13','vitaly.radionov@anychart.com','Add','Task  ({\"id\":\"\",\"name\":\"License server\",\"url\":\"\",\"priority\":\"\",\"actualStart\":\"\",\"actualEnd\":\"\",\"baselineStart\":\"\",\"baselineEnd\":\"\",\"progressValue\":\"0\",\"parent\":\"352\",\"project\":\"10\",\"parentsToReset\":\"[]\",\"deleted\":\"0\"})'),('2020-02-18 08:07:20','vitaly.radionov@anychart.com','update','Task 391 ({\"id\":\"391\",\"name\":\"License server\",\"url\":\"\",\"priority\":\"\",\"actualStart\":\"\",\"actualEnd\":\"\",\"baselineStart\":\"\",\"baselineEnd\":\"\",\"progressValue\":\"0\",\"parent\":\"352\",\"project\":\"10\",\"parentsToReset\":\"[]\",\"assignee\":\"1\",\"deleted\":\"0\"})'),('2020-02-18 09:03:48','vitaly.radionov@anychart.com','Add','Task  ({\"id\":\"\",\"name\":\"Deploy scripts\",\"url\":\"\",\"priority\":\"\",\"actualStart\":\"\",\"actualEnd\":\"\",\"baselineStart\":\"\",\"baselineEnd\":\"\",\"progressValue\":\"0\",\"parent\":\"352\",\"project\":\"10\",\"parentsToReset\":\"[]\",\"deleted\":\"0\"})'),('2020-02-18 09:04:21','vitaly.radionov@anychart.com','update','Task 392 ({\"id\":\"392\",\"name\":\"Deploy scripts\",\"url\":\"ENV-1474\",\"priority\":\"\",\"actualStart\":\"\",\"actualEnd\":\"\",\"baselineStart\":\"\",\"baselineEnd\":\"\",\"progressValue\":\"0\",\"parent\":\"352\",\"project\":\"10\",\"parentsToReset\":\"[]\",\"assignee\":\"9\",\"deleted\":\"0\"})'),('2020-02-18 09:04:53','vitaly.radionov@anychart.com','Add','Task  ({\"id\":\"\",\"name\":\"Text Shadow\",\"url\":\"\",\"priority\":\"\",\"actualStart\":\"\",\"actualEnd\":\"\",\"baselineStart\":\"\",\"baselineEnd\":\"\",\"progressValue\":\"0\",\"parent\":\"348\",\"project\":\"10\",\"parentsToReset\":\"[]\",\"deleted\":\"0\"})'),('2020-02-18 09:05:13','vitaly.radionov@anychart.com','update','Task 393 ({\"id\":\"393\",\"name\":\"Text Shadow\",\"url\":\"DVF-4386\",\"priority\":\"\",\"actualStart\":\"\",\"actualEnd\":\"\",\"baselineStart\":\"\",\"baselineEnd\":\"\",\"progressValue\":\"0\",\"parent\":\"348\",\"project\":\"10\",\"parentsToReset\":\"[]\",\"assignee\":\"9\",\"deleted\":\"0\"})'),('2020-02-18 09:05:26','vitaly.radionov@anychart.com','Add','Task  ({\"id\":\"\",\"name\":\"Labels text limitation\",\"url\":\"\",\"priority\":\"\",\"actualStart\":\"\",\"actualEnd\":\"\",\"baselineStart\":\"\",\"baselineEnd\":\"\",\"progressValue\":\"0\",\"parent\":\"348\",\"project\":\"10\",\"parentsToReset\":\"[]\",\"deleted\":\"0\"})'),('2020-02-18 09:06:18','vitaly.radionov@anychart.com','update','Task 394 ({\"id\":\"394\",\"name\":\"Labels text limitation\",\"url\":\"DVF-4373\",\"priority\":\"\",\"actualStart\":\"\",\"actualEnd\":\"\",\"baselineStart\":\"\",\"baselineEnd\":\"\",\"progressValue\":\"0\",\"parent\":\"348\",\"project\":\"10\",\"parentsToReset\":\"[]\",\"assignee\":\"9\",\"deleted\":\"0\"})'),('2020-02-18 09:07:25','vitaly.radionov@anychart.com','Add','Task  ({\"id\":\"\",\"name\":\"License server. Proof ext\",\"url\":\"\",\"priority\":\"\",\"actualStart\":\"\",\"actualEnd\":\"\",\"baselineStart\":\"\",\"baselineEnd\":\"\",\"progressValue\":\"0\",\"parent\":\"388\",\"project\":\"10\",\"parentsToReset\":\"[]\",\"deleted\":\"0\"})'),('2020-02-18 09:07:46','vitaly.radionov@anychart.com','update','Task 395 ({\"id\":\"395\",\"name\":\"License server. Proof ext\",\"url\":\"QLIK-94\",\"priority\":\"\",\"actualStart\":\"\",\"actualEnd\":\"\",\"baselineStart\":\"\",\"baselineEnd\":\"\",\"progressValue\":\"0\",\"parent\":\"388\",\"project\":\"10\",\"parentsToReset\":\"[]\",\"assignee\":\"1\",\"deleted\":\"0\"})'),('2020-02-18 09:08:26','vitaly.radionov@anychart.com','Add','Task  ({\"id\":\"\",\"name\":\"Gantt Live edit issue\",\"url\":\"\",\"priority\":\"\",\"actualStart\":\"\",\"actualEnd\":\"\",\"baselineStart\":\"\",\"baselineEnd\":\"\",\"progressValue\":\"0\",\"parent\":\"353\",\"project\":\"10\",\"parentsToReset\":\"[]\",\"deleted\":\"0\"})'),('2020-02-18 09:09:04','vitaly.radionov@anychart.com','update','Task 396 ({\"id\":\"396\",\"name\":\"Gantt Live edit issue\",\"url\":\"DVF-4358\",\"priority\":\"\",\"actualStart\":\"\",\"actualEnd\":\"\",\"baselineStart\":\"\",\"baselineEnd\":\"\",\"progressValue\":\"0\",\"parent\":\"353\",\"project\":\"10\",\"parentsToReset\":\"[]\",\"assignee\":\"3\",\"deleted\":\"0\"})'),('2020-02-18 09:10:26','vitaly.radionov@anychart.com','Add','Task  ({\"id\":\"\",\"name\":\"fetchData Impr\",\"url\":\"\",\"priority\":\"\",\"actualStart\":\"\",\"actualEnd\":\"\",\"baselineStart\":\"\",\"baselineEnd\":\"\",\"progressValue\":\"0\",\"parent\":\"382\",\"project\":\"10\",\"parentsToReset\":\"[]\",\"deleted\":\"0\"})'),('2020-02-18 09:10:41','vitaly.radionov@anychart.com','update','Task 397 ({\"id\":\"397\",\"name\":\"fetchData Impr\",\"url\":\"QLIK-98\",\"priority\":\"\",\"actualStart\":\"\",\"actualEnd\":\"\",\"baselineStart\":\"\",\"baselineEnd\":\"\",\"progressValue\":\"0\",\"parent\":\"382\",\"project\":\"10\",\"parentsToReset\":\"[]\",\"assignee\":\"13\",\"deleted\":\"0\"})'),('2020-02-18 09:11:38','vitaly.radionov@anychart.com','Add','Task  ({\"id\":\"\",\"name\":\"Multi-page printing\",\"url\":\"\",\"priority\":\"\",\"actualStart\":\"\",\"actualEnd\":\"\",\"baselineStart\":\"\",\"baselineEnd\":\"\",\"progressValue\":\"0\",\"parent\":\"382\",\"project\":\"10\",\"parentsToReset\":\"[]\",\"deleted\":\"0\"})'),('2020-02-18 09:11:57','vitaly.radionov@anychart.com','update','Task 398 ({\"id\":\"398\",\"name\":\"Multi-page printing\",\"url\":\"QLIK-87\",\"priority\":\"\",\"actualStart\":\"\",\"actualEnd\":\"\",\"baselineStart\":\"\",\"baselineEnd\":\"\",\"progressValue\":\"0\",\"parent\":\"382\",\"project\":\"10\",\"parentsToReset\":\"[]\",\"assignee\":\"13\",\"deleted\":\"0\"})'),('2020-02-18 09:17:35','vitaly.radionov@anychart.com','Add','Task  ({\"id\":\"\",\"name\":\"Client-side CSV\",\"url\":\"\",\"priority\":\"\",\"actualStart\":\"\",\"actualEnd\":\"\",\"baselineStart\":\"\",\"baselineEnd\":\"\",\"progressValue\":\"0\",\"parent\":\"353\",\"project\":\"10\",\"parentsToReset\":\"[]\",\"deleted\":\"0\"})'),('2020-02-18 09:17:53','vitaly.radionov@anychart.com','Add','Task  ({\"id\":\"\",\"name\":\"Crosshair rangeMarker issue\",\"url\":\"\",\"priority\":\"\",\"actualStart\":\"\",\"actualEnd\":\"\",\"baselineStart\":\"\",\"baselineEnd\":\"\",\"progressValue\":\"0\",\"parent\":\"353\",\"project\":\"10\",\"parentsToReset\":\"[]\",\"deleted\":\"0\"})'),('2020-02-18 09:20:12','vitaly.radionov@anychart.com','update','Task 399 ({\"id\":\"399\",\"name\":\"Client-side CSV\",\"url\":\"DVF-4383\",\"priority\":\"\",\"actualStart\":\"\",\"actualEnd\":\"\",\"baselineStart\":\"\",\"baselineEnd\":\"\",\"progressValue\":\"0\",\"parent\":\"353\",\"project\":\"10\",\"parentsToReset\":\"[]\",\"assignee\":\"10\",\"deleted\":\"0\"})'),('2020-02-18 09:20:40','vitaly.radionov@anychart.com','update','Task 400 ({\"id\":\"400\",\"name\":\"Crosshair rangeMarker issue\",\"url\":\"DVF-4382\",\"priority\":\"\",\"actualStart\":\"\",\"actualEnd\":\"\",\"baselineStart\":\"\",\"baselineEnd\":\"\",\"progressValue\":\"0\",\"parent\":\"353\",\"project\":\"10\",\"parentsToReset\":\"[]\",\"assignee\":\"10\",\"deleted\":\"0\"})'),('2020-02-18 09:32:03','alexander.kudryavtsev@anychart.com','update','Task 378 ({\"id\":\"378\",\"name\":\"Gantt Calendar\",\"url\":\"DVF-4370\",\"priority\":\"\",\"actualStart\":\"1580688000000\",\"actualEnd\":\"1582329599999\",\"baselineStart\":\"1580688000000\",\"baselineEnd\":\"1581724799999\",\"progressValue\":\"0.6\",\"parent\":\"348\",\"project\":\"10\",\"parentsToReset\":\"[]\",\"assignee\":\"3\",\"deleted\":\"0\"})'),('2020-02-18 09:34:21','anton.chengaev@anychart.com','update','Task 363 ({\"id\":\"363\",\"name\":\"Gantt: Zoom by scroll\",\"url\":\"DVF-4376\",\"priority\":\"\",\"actualStart\":\"1580342400000\",\"actualEnd\":\"1580515199999\",\"baselineStart\":\"1580342400000\",\"baselineEnd\":\"1580515199999\",\"progressValue\":\"0.9\",\"parent\":\"326\",\"project\":\"9\",\"parentsToReset\":\"[]\",\"assignee\":\"9\",\"deleted\":\"0\"})'),('2020-02-20 06:57:17','ilya.klimov@anychart.com','update','Task 397 ({\"actualStart\":\"Tue Feb 18 2020\",\"actualEnd\":\"Thu Feb 20 2020\",\"baselineStart\":\"Tue Feb 18 2020\",\"baselineEnd\":\"Thu Feb 20 2020\",\"progressValue\":1})'),('2020-02-20 06:57:47','ilya.klimov@anychart.com','update','Task 397 ({})'),('2020-02-20 06:59:41','ilya.klimov@anychart.com','update','Task 386 ({\"actualStart\":\"Fri Feb 14 2020\",\"actualEnd\":\"Mon Feb 17 2020\",\"baselineStart\":\"Fri Feb 14 2020\",\"baselineEnd\":\"Mon Feb 17 2020\",\"progressValue\":1})'),('2020-02-20 07:00:12','ilya.klimov@anychart.com','update','Task 383 ({\"actualStart\":\"Fri Feb 14 2020\",\"actualEnd\":\"Thu Feb 20 2020\",\"baselineStart\":\"Fri Feb 14 2020\",\"baselineEnd\":\"Thu Feb 20 2020\",\"progressValue\":1})'),('2020-02-20 07:01:13','ilya.klimov@anychart.com','update','Task 383 ({})'),('2020-02-20 09:47:40','alexander.kudryavtsev@anychart.com','update','Task 378 ({\"progressValue\":0.7})'),('2020-02-20 09:50:16','vitaly.radionov@anychart.com','Add','Task 401 ({\"id\":401,\"name\":\"coding\",\"actualStart\":null,\"actualEnd\":null,\"baselineStart\":null,\"baselineEnd\":null,\"progressValue\":null,\"parent\":376,\"project\":10,\"last_modified\":1582192216761,\"assignee\":null,\"deleted\":0,\"url\":\"\",\"priority\":\"\"})'),('2020-02-20 09:50:40','vitaly.radionov@anychart.com','update','Task 401 ({\"assignee\":9,\"url\":\"ENV-1464\"})'),('2020-02-21 04:53:31','ilya.kurnoy@anychart.com','update','Task 379 ({\"actualEnd\":\"Wed Feb 26 2020\",\"progressValue\":0.7})'),('2020-02-21 04:53:31','ilya.kurnoy@anychart.com','update','Task 379 ({})'),('2020-02-21 04:54:06','ilya.kurnoy@anychart.com','update','Task 375 ({\"actualStart\":\"Sun Feb 02 2020\",\"actualEnd\":\"Fri Feb 28 2020\"})'),('2020-02-21 04:54:06','ilya.kurnoy@anychart.com','update','Task 375 ({})'),('2020-02-21 04:54:50','ilya.kurnoy@anychart.com','update','Task 375 ({})'),('2020-02-21 04:54:50','ilya.kurnoy@anychart.com','update','Task 375 ({})'),('2020-02-24 07:55:37','vladimir.litvintsev@anychart.com','update','Task 384 ({\"progressValue\":1})'),('2020-02-25 01:41:29','vitaly.radionov@anychart.com','Add','Task 402 ({\"id\":402,\"name\":\"Toolbar icon size\",\"actualStart\":null,\"actualEnd\":null,\"baselineStart\":null,\"baselineEnd\":null,\"progressValue\":null,\"parent\":382,\"project\":10,\"last_modified\":1582594889611,\"assignee\":null,\"deleted\":0,\"url\":\"\",\"priority\":\"\"})'),('2020-02-25 01:41:52','vitaly.radionov@anychart.com','update','Task 402 ({\"actualStart\":\"Sun Feb 23 2020\",\"actualEnd\":\"Tue Feb 25 2020\",\"baselineStart\":\"Sun Feb 23 2020\",\"baselineEnd\":\"Tue Feb 25 2020\",\"assignee\":14,\"url\":\"QLIK-64\"})'),('2020-02-25 01:49:27','vitaly.radionov@anychart.com','Add','Task 403 ({\"id\":403,\"name\":\"Gantt: padding over data\",\"actualStart\":null,\"actualEnd\":null,\"baselineStart\":null,\"baselineEnd\":null,\"progressValue\":null,\"parent\":348,\"project\":10,\"last_modified\":1582595367376,\"assignee\":null,\"deleted\":0,\"url\":\"\",\"priority\":\"\"})'),('2020-02-25 01:49:54','vitaly.radionov@anychart.com','update','Task 403 ({\"actualStart\":\"Mon Feb 24 2020\",\"actualEnd\":\"Tue Feb 25 2020\",\"baselineStart\":\"Mon Feb 24 2020\",\"baselineEnd\":\"Tue Feb 25 2020\",\"assignee\":9,\"url\":\"DVF-4388\"})'),('2020-02-25 04:15:31','vitaly.radionov@anychart.com','update','Task 389 ({\"actualStart\":\"Thu Feb 20 2020\",\"actualEnd\":\"Wed Feb 26 2020\",\"url\":\"ENV-1462\"})'),('2020-02-25 04:16:20','vitaly.radionov@anychart.com','update','Task 389 ({})'),('2020-02-25 04:16:22','vitaly.radionov@anychart.com','update','Task 389 ({})'),('2020-02-25 04:16:27','vitaly.radionov@anychart.com','update','Task 389 ({\"url\":\"ENV-146\"})'),('2020-02-25 04:16:45','vitaly.radionov@anychart.com','update','Task 389 ({\"url\":\"ENV-1462\"})'),('2020-02-25 04:31:36','anton.chengaev@anychart.com','update','Task 401 ({\"actualStart\":\"Sun Feb 02 2020\",\"actualEnd\":\"Tue Feb 25 2020\",\"progressValue\":0.7})'),('2020-02-25 09:19:11','vladimir.litvintsev@anychart.com','update','Task 402 ({\"progressValue\":0.2})'),('2020-02-26 02:27:24','vladimir.litvintsev@anychart.com','update','Task 402 ({\"progressValue\":1})'),('2020-02-26 04:04:38','anton.chengaev@anychart.com','update','Task 403 ({\"progressValue\":0.8})'),('2020-02-26 04:26:18','vitaly.radionov@anychart.com','Add','Task 404 ({\"id\":404,\"name\":\"Novartis. Print paper size\",\"actualStart\":null,\"actualEnd\":null,\"baselineStart\":null,\"baselineEnd\":null,\"progressValue\":null,\"parent\":382,\"project\":10,\"last_modified\":1582691178590,\"assignee\":null,\"deleted\":0,\"url\":\"\",\"priority\":\"\"})'),('2020-02-26 04:27:30','vitaly.radionov@anychart.com','update','Task 404 ({\"actualStart\":\"Tue Feb 25 2020\",\"actualEnd\":\"Wed Feb 26 2020\",\"baselineStart\":\"Tue Feb 25 2020\",\"baselineEnd\":\"Wed Feb 26 2020\",\"assignee\":14,\"url\":\"QLIK-101\"})'),('2020-02-26 09:56:42','anton.chengaev@anychart.com','update','Task 393 ({\"actualStart\":\"Tue Feb 25 2020\",\"actualEnd\":\"Wed Feb 26 2020\",\"progressValue\":0.8})'),('2020-02-27 08:59:25','sergey.baranov@anychart.com','update','Task 380 ({\"actualEnd\":\"Fri Mar 06 2020\"})'),('2020-02-27 08:59:52','sergey.baranov@anychart.com','update','Task 377 ({\"actualEnd\":\"Thu Feb 27 2020\",\"progressValue\":1})'),('2020-02-27 09:00:52','sergey.baranov@anychart.com','update','Task 377 ({})'),('2020-02-28 10:10:26','anton.chengaev@anychart.com','update','Task 393 ({\"actualEnd\":\"Fri Feb 28 2020\",\"progressValue\":0.9})'),('2020-02-28 10:10:48','anton.chengaev@anychart.com','update','Task 401 ({\"actualEnd\":\"Fri Feb 28 2020\",\"progressValue\":0.8})'),('2020-03-04 05:38:17','vladimir.litvintsev@anychart.com','update','Task 404 ({\"progressValue\":1})'),('2020-03-04 05:38:42','vladimir.litvintsev@anychart.com','update','Task 404 ({\"actualEnd\":\"Wed Mar 04 2020\"})'),('2020-03-10 04:00:34','vitaly.radionov@anychart.com','update','Project 11 ({\"id\":\"11\",\"name\":\"QlikWorld (11 may) 2020\",\"last_modified\":\"1581052511060\",\"deleted\":\"0\"})'),('2020-03-10 04:04:52','vitaly.radionov@anychart.com','update','Project 11 ({\"id\":\"11\",\"name\":\"March2020\",\"last_modified\":\"1583812834137\",\"deleted\":\"0\"})'),('2020-03-10 08:34:47','vitaly.radionov@anychart.com','update','Project 11 ({\"id\":\"11\",\"name\":\"QlikWorld (11 may) 2020\",\"last_modified\":\"1583813092648\",\"deleted\":\"0\"})'),('2020-03-10 08:35:17','vitaly.radionov@anychart.com','Add','Task 405 ({\"id\":405,\"name\":\"Qlik\",\"actualStart\":null,\"actualEnd\":null,\"baselineStart\":null,\"baselineEnd\":null,\"progressValue\":null,\"parent\":null,\"project\":11,\"last_modified\":1583829317874,\"assignee\":null,\"deleted\":0,\"url\":\"\",\"priority\":\"\"})'),('2020-03-10 08:35:27','vitaly.radionov@anychart.com','Add','Task 406 ({\"id\":406,\"name\":\"ACDVF\",\"actualStart\":null,\"actualEnd\":null,\"baselineStart\":null,\"baselineEnd\":null,\"progressValue\":null,\"parent\":null,\"project\":11,\"last_modified\":1583829327786,\"assignee\":null,\"deleted\":0,\"url\":\"\",\"priority\":\"\"})'),('2020-03-10 08:35:52','vitaly.radionov@anychart.com','Add','Task 407 ({\"id\":407,\"name\":\"4.0.x\",\"actualStart\":null,\"actualEnd\":null,\"baselineStart\":null,\"baselineEnd\":null,\"progressValue\":null,\"parent\":405,\"project\":11,\"last_modified\":1583829352413,\"assignee\":null,\"deleted\":0,\"url\":\"\",\"priority\":\"\"})'),('2020-03-10 08:35:59','vitaly.radionov@anychart.com','Add','Task 408 ({\"id\":408,\"name\":\"4.1.x\",\"actualStart\":null,\"actualEnd\":null,\"baselineStart\":null,\"baselineEnd\":null,\"progressValue\":null,\"parent\":405,\"project\":11,\"last_modified\":1583829359517,\"assignee\":null,\"deleted\":0,\"url\":\"\",\"priority\":\"\"})'),('2020-03-10 08:36:10','vitaly.radionov@anychart.com','Add','Task 409 ({\"id\":409,\"name\":\"v3\",\"actualStart\":null,\"actualEnd\":null,\"baselineStart\":null,\"baselineEnd\":null,\"progressValue\":null,\"parent\":405,\"project\":11,\"last_modified\":1583829370369,\"assignee\":null,\"deleted\":0,\"url\":\"\",\"priority\":\"\"})'),('2020-03-10 08:36:23','vitaly.radionov@anychart.com','Add','Task 410 ({\"id\":410,\"name\":\"v3.6\",\"actualStart\":null,\"actualEnd\":null,\"baselineStart\":null,\"baselineEnd\":null,\"progressValue\":null,\"parent\":405,\"project\":11,\"last_modified\":1583829383768,\"assignee\":null,\"deleted\":0,\"url\":\"\",\"priority\":\"\"})'),('2020-03-10 08:36:29','vitaly.radionov@anychart.com','update','Task 409 ({\"name\":\"v3.5\"})'),('2020-03-10 09:59:13','ilya.kurnoy@anychart.com','update','Task 379 ({\"actualEnd\":\"Thu Mar 12 2020\",\"progressValue\":0.9})'),('2020-03-11 04:49:34','vitaly.radionov@anychart.com','update','Task 407 ({\"parent\":372})'),('2020-03-11 04:49:37','vitaly.radionov@anychart.com','update','Task 408 ({\"parent\":372})'),('2020-03-11 04:49:40','vitaly.radionov@anychart.com','update','Task 409 ({\"parent\":372})'),('2020-03-11 04:49:43','vitaly.radionov@anychart.com','update','Task 410 ({\"parent\":372})'),('2020-03-11 04:49:47','vitaly.radionov@anychart.com','update','Task 405 ({\"deleted\":1})'),('2020-03-11 04:49:53','vitaly.radionov@anychart.com','update','Task 406 ({\"deleted\":1})'),('2020-03-11 04:49:58','vitaly.radionov@anychart.com','update','Task 373 ({\"deleted\":1})'),('2020-03-11 04:50:02','vitaly.radionov@anychart.com','update','Task 371 ({\"deleted\":1})'),('2020-03-11 04:50:08','vitaly.radionov@anychart.com','update','Task 369 ({\"deleted\":1})'),('2020-03-11 04:50:52','vitaly.radionov@anychart.com','Add','Task 411 ({\"id\":411,\"name\":\"Zoom by scroll (option)\",\"actualStart\":null,\"actualEnd\":null,\"baselineStart\":null,\"baselineEnd\":null,\"progressValue\":null,\"parent\":407,\"project\":11,\"last_modified\":1583902252830,\"assignee\":null,\"deleted\":0,\"url\":\"QLIK-65\",\"priority\":\"8\"})'),('2020-03-11 04:51:11','vitaly.radionov@anychart.com','update','Task 411 ({\"priority\":\"2\"})'),('2020-03-11 05:36:35','vitaly.radionov@anychart.com','Add','Task 412 ({\"id\":412,\"name\":\"Themes support\",\"actualStart\":null,\"actualEnd\":null,\"baselineStart\":null,\"baselineEnd\":null,\"progressValue\":null,\"parent\":408,\"project\":11,\"last_modified\":1583904995701,\"assignee\":3,\"deleted\":0,\"url\":\"QLIK-88\",\"priority\":\"3\",\"userId\":3,\"userName\":\"Kudryavtsev\",\"userAvatar\":\"https://avatars3.githubusercontent.com/u/1116634?s=96&v=4\",\"userDeleted\":0})'),('2020-03-11 05:38:53','vitaly.radionov@anychart.com','Add','Task 413 ({\"id\":413,\"name\":\"Text Shadow\",\"actualStart\":null,\"actualEnd\":null,\"baselineStart\":null,\"baselineEnd\":null,\"progressValue\":null,\"parent\":370,\"project\":11,\"last_modified\":1583905133327,\"assignee\":null,\"deleted\":0,\"url\":\"\",\"priority\":\"\"})'),('2020-03-11 05:39:03','vitaly.radionov@anychart.com','update','Task 413 ({\"assignee\":9,\"url\":\"DVF-4386\"})'),('2020-03-11 05:41:02','vitaly.radionov@anychart.com','Add','Task 414 ({\"id\":414,\"name\":\"Text Shadow\",\"actualStart\":null,\"actualEnd\":null,\"baselineStart\":null,\"baselineEnd\":null,\"progressValue\":null,\"parent\":408,\"project\":11,\"last_modified\":1583905262259,\"assignee\":null,\"deleted\":0,\"url\":\"\",\"priority\":\"\"})'),('2020-03-11 05:41:37','vitaly.radionov@anychart.com','update','Task 414 ({\"assignee\":9,\"url\":\"QLIK-99\"})'),('2020-03-11 06:17:03','vitaly.radionov@anychart.com','Add','Task 415 ({\"id\":415,\"name\":\"QLIK-118\",\"actualStart\":null,\"actualEnd\":null,\"baselineStart\":null,\"baselineEnd\":null,\"progressValue\":null,\"parent\":407,\"project\":11,\"last_modified\":1583907423642,\"assignee\":null,\"deleted\":0,\"url\":\"\",\"priority\":\"\"})'),('2020-03-11 06:17:52','vitaly.radionov@anychart.com','update','Task 415 ({\"name\":\"GroupingTask baseline issue\",\"url\":\"QLIK-118\",\"priority\":\"5\"})'),('2020-03-11 06:29:36','vitaly.radionov@anychart.com','Add','Task 416 ({\"id\":416,\"name\":\"QLIK-59\",\"actualStart\":null,\"actualEnd\":null,\"baselineStart\":null,\"baselineEnd\":null,\"progressValue\":null,\"parent\":407,\"project\":11,\"last_modified\":1583908176248,\"assignee\":null,\"deleted\":0,\"url\":\"\",\"priority\":\"\"})'),('2020-03-11 06:29:41','vitaly.radionov@anychart.com','Add','Task 417 ({\"id\":417,\"name\":\"QLIK-54\",\"actualStart\":null,\"actualEnd\":null,\"baselineStart\":null,\"baselineEnd\":null,\"progressValue\":null,\"parent\":407,\"project\":11,\"last_modified\":1583908181753,\"assignee\":null,\"deleted\":0,\"url\":\"\",\"priority\":\"\"})'),('2020-03-11 06:29:51','vitaly.radionov@anychart.com','Add','Task 418 ({\"id\":418,\"name\":\"QLIK-87\",\"actualStart\":null,\"actualEnd\":null,\"baselineStart\":null,\"baselineEnd\":null,\"progressValue\":null,\"parent\":407,\"project\":11,\"last_modified\":1583908191844,\"assignee\":null,\"deleted\":0,\"url\":\"\",\"priority\":\"\"})'),('2020-03-11 06:30:07','vitaly.radionov@anychart.com','Add','Task 419 ({\"id\":419,\"name\":\"QLIK-103\",\"actualStart\":null,\"actualEnd\":null,\"baselineStart\":null,\"baselineEnd\":null,\"progressValue\":null,\"parent\":408,\"project\":11,\"last_modified\":1583908207433,\"assignee\":null,\"deleted\":0,\"url\":\"\",\"priority\":\"\"})'),('2020-03-11 06:30:32','vitaly.radionov@anychart.com','update','Task 419 ({\"name\":\"Templates UX\",\"assignee\":13,\"url\":\"QLIK-103\"})'),('2020-03-11 06:30:58','vitaly.radionov@anychart.com','update','Task 416 ({\"name\":\"Corners\",\"assignee\":13,\"url\":\"QLIK-59\"})'),('2020-03-11 06:31:13','vitaly.radionov@anychart.com','update','Task 417 ({\"name\":\"Milestones preview\",\"assignee\":13,\"url\":\"QLIK-54\"})'),('2020-03-11 06:31:30','vitaly.radionov@anychart.com','update','Task 418 ({\"name\":\"MultiPage printing\",\"assignee\":13,\"url\":\"QLIK-87\"})'),('2020-03-11 09:11:53','vitaly.radionov@anychart.com','Add','Task 420 ({\"id\":420,\"name\":\"Themes support\",\"actualStart\":null,\"actualEnd\":null,\"baselineStart\":null,\"baselineEnd\":null,\"progressValue\":null,\"parent\":408,\"project\":11,\"last_modified\":1583917913706,\"assignee\":null,\"deleted\":0,\"url\":\"\",\"priority\":\"\"})'),('2020-03-11 09:12:28','vitaly.radionov@anychart.com','update','Task 420 ({\"name\":\"Timeline Chart\",\"assignee\":2,\"url\":\"QLIK-37\"})'),('2020-03-11 09:12:40','vitaly.radionov@anychart.com','update','Task 420 ({\"priority\":\"1\"})'),('2020-03-11 09:12:54','vitaly.radionov@anychart.com','update','Task 419 ({\"priority\":\"2\"})'),('2020-03-11 09:13:17','vitaly.radionov@anychart.com','Add','Task 421 ({\"id\":421,\"name\":\"Environment\",\"actualStart\":null,\"actualEnd\":null,\"baselineStart\":null,\"baselineEnd\":null,\"progressValue\":null,\"parent\":null,\"project\":11,\"last_modified\":1583917997261,\"assignee\":null,\"deleted\":0,\"url\":\"\",\"priority\":\"\"})'),('2020-03-11 09:13:32','vitaly.radionov@anychart.com','Add','Task 422 ({\"id\":422,\"name\":\"Qlik Templates backend\",\"actualStart\":null,\"actualEnd\":null,\"baselineStart\":null,\"baselineEnd\":null,\"progressValue\":null,\"parent\":421,\"project\":11,\"last_modified\":1583918012374,\"assignee\":null,\"deleted\":0,\"url\":\"\",\"priority\":\"\"})'),('2020-03-11 09:13:44','vitaly.radionov@anychart.com','update','Task 422 ({\"assignee\":1,\"priority\":\"1\"})'),('2020-03-11 09:15:28','vitaly.radionov@anychart.com','update','Task 422 ({\"url\":\"ENV-1479\"})'),('2020-03-12 04:59:58','vitaly.radionov@anychart.com','Add','Task 423 ({\"id\":423,\"name\":\"Predecessor to successor\",\"actualStart\":null,\"actualEnd\":null,\"baselineStart\":null,\"baselineEnd\":null,\"progressValue\":null,\"parent\":408,\"project\":11,\"last_modified\":1583989198423,\"assignee\":null,\"deleted\":0,\"url\":\"\",\"priority\":\"\"})'),('2020-03-12 05:00:12','vitaly.radionov@anychart.com','update','Task 423 ({\"url\":\"QLIK-121\",\"priority\":\"3\"})'),('2020-03-12 05:00:25','vitaly.radionov@anychart.com','update','Task 423 ({\"priority\":\"1\"})'),('2020-03-12 05:07:30','vitaly.radionov@anychart.com','Add','Task 424 ({\"id\":424,\"name\":\"Templates UX\",\"actualStart\":null,\"actualEnd\":null,\"baselineStart\":null,\"baselineEnd\":null,\"progressValue\":null,\"parent\":410,\"project\":11,\"last_modified\":1583989650552,\"assignee\":null,\"deleted\":0,\"url\":\"QLIK-111\",\"priority\":\"\"})'),('2020-03-12 05:11:44','vitaly.radionov@anychart.com','Add','Task 425 ({\"id\":425,\"name\":\"Charts release\",\"actualStart\":null,\"actualEnd\":null,\"baselineStart\":null,\"baselineEnd\":null,\"progressValue\":null,\"parent\":409,\"project\":11,\"last_modified\":1583989904205,\"assignee\":8,\"deleted\":0,\"url\":\"QLIK-112\",\"priority\":\"\",\"userId\":8,\"userName\":\"Shestakov\",\"userAvatar\":\"https://avatars3.githubusercontent.com/u/24609062?s=96&v=4\",\"userDeleted\":0})'),('2020-03-12 05:12:19','vitaly.radionov@anychart.com','Add','Task 426 ({\"id\":426,\"name\":\"Stock release\",\"actualStart\":null,\"actualEnd\":null,\"baselineStart\":null,\"baselineEnd\":null,\"progressValue\":null,\"parent\":409,\"project\":11,\"last_modified\":1583989939609,\"assignee\":null,\"deleted\":0,\"url\":\"QLIK-114\",\"priority\":\"\"})'),('2020-03-12 05:15:03','vitaly.radionov@anychart.com','Add','Task 427 ({\"id\":427,\"name\":\"Start/End Marker\",\"actualStart\":null,\"actualEnd\":null,\"baselineStart\":null,\"baselineEnd\":null,\"progressValue\":null,\"parent\":370,\"project\":11,\"last_modified\":1583990103151,\"assignee\":null,\"deleted\":0,\"url\":\"\",\"priority\":\"\"})'),('2020-03-12 05:16:16','vitaly.radionov@anychart.com','Add','Task 428 ({\"id\":428,\"name\":\"Start/End Marker\",\"actualStart\":null,\"actualEnd\":null,\"baselineStart\":null,\"baselineEnd\":null,\"progressValue\":null,\"parent\":408,\"project\":11,\"last_modified\":1583990176556,\"assignee\":null,\"deleted\":0,\"url\":\"\",\"priority\":\"\"})'),('2020-03-12 05:27:39','vitaly.radionov@anychart.com','update','Task 427 ({\"url\":\"DVF-4397\"})'),('2020-03-12 05:27:43','vitaly.radionov@anychart.com','update','Task 427 ({\"priority\":\"1\"})'),('2020-03-12 05:28:36','vitaly.radionov@anychart.com','update','Task 426 ({\"priority\":\"1\"})'),('2020-03-12 05:28:45','vitaly.radionov@anychart.com','update','Task 424 ({\"priority\":\"2\"})'),('2020-03-12 06:20:58','vitaly.radionov@anychart.com','update','Task 428 ({\"url\":\"QLIK-122\"})'),('2020-03-12 06:36:07','vitaly.radionov@anychart.com','update','Task 428 ({\"parent\":407})'),('2020-03-12 07:51:11','sergey.baranov@anychart.com','update','Task 420 ({\"actualStart\":\"Mon Jan 20 2020\",\"actualEnd\":\"Fri Mar 13 2020\"})'),('2020-03-12 07:52:52','sergey.baranov@anychart.com','update','Task 420 ({\"progressValue\":0.9})'),('2020-03-12 08:30:52','sergey.baranov@anychart.com','update','Task 420 ({\"actualEnd\":\"Thu Mar 12 2020\",\"progressValue\":1})'),('2020-03-13 04:28:48','anton.chengaev@anychart.com','update','Task 414 ({\"actualStart\":\"Tue Feb 25 2020\",\"actualEnd\":\"Fri Mar 13 2020\",\"progressValue\":0.8})'),('2020-03-13 04:30:10','anton.chengaev@anychart.com','update','Task 413 ({\"actualStart\":\"Tue Feb 25 2020\",\"actualEnd\":\"Fri Mar 13 2020\",\"progressValue\":0.8})'),('2020-03-13 04:30:54','anton.chengaev@anychart.com','update','Task 413 ({\"progressValue\":0.9})'),('2020-03-13 04:31:04','anton.chengaev@anychart.com','update','Task 413 ({})'),('2020-03-13 04:31:25','anton.chengaev@anychart.com','update','Task 413 ({\"actualEnd\":\"Thu Mar 12 2020\"})'),('2020-03-13 04:31:35','anton.chengaev@anychart.com','update','Task 413 ({\"actualEnd\":\"Fri Mar 13 2020\"})'),('2020-03-13 04:35:20','vitaly.radionov@anychart.com','update','Task 427 ({\"assignee\":3})'),('2020-03-13 04:35:26','vitaly.radionov@anychart.com','update','Task 428 ({\"assignee\":10})'),('2020-03-13 04:36:05','vitaly.radionov@anychart.com','update','Task 423 ({\"parent\":407})'),('2020-03-13 04:36:13','vitaly.radionov@anychart.com','update','Task 423 ({\"assignee\":9})'),('2020-03-16 02:32:06','vitaly.radionov@anychart.com','update','Task 427 ({\"baselineStart\":\"Sun Mar 15 2020\",\"baselineEnd\":\"Tue Mar 17 2020\"})'),('2020-03-16 02:35:30','ilya.klimov@anychart.com','update','Task 416 ({\"actualStart\":\"Sun Mar 08 2020\",\"actualEnd\":\"Fri Mar 13 2020\",\"progressValue\":1})'),('2020-03-16 02:35:48','ilya.klimov@anychart.com','update','Task 417 ({\"actualStart\":\"Thu Mar 12 2020\",\"progressValue\":0.5})'),('2020-03-16 02:36:38','alexander.kudryavtsev@anychart.com','update','Task 427 ({\"actualStart\":\"Sun Mar 15 2020\",\"actualEnd\":\"Tue Mar 17 2020\"})'),('2020-03-16 02:37:13','ilya.klimov@anychart.com','update','Task 418 ({\"actualStart\":\"Sun Mar 15 2020\",\"progressValue\":0.5})'),('2020-03-16 02:37:38','alexander.kudryavtsev@anychart.com','update','Task 427 ({})'),('2020-03-16 02:37:55','ilya.klimov@anychart.com','update','Task 417 ({\"actualEnd\":\"Mon Mar 16 2020\"})'),('2020-03-16 02:38:02','ilya.klimov@anychart.com','update','Task 418 ({})'),('2020-03-16 02:38:41','alexander.shestakov@anychart.com','update','Task 425 ({\"progressValue\":1})'),('2020-03-16 02:38:46','ilya.klimov@anychart.com','update','Task 419 ({\"actualStart\":\"Sun Mar 15 2020\"})'),('2020-03-16 02:39:48','alexander.shestakov@anychart.com','update','Task 425 ({\"actualStart\":\"Sun Mar 01 2020\",\"actualEnd\":\"Thu Mar 12 2020\"})'),('2020-03-16 02:39:52','vladimir.litvintsev@anychart.com','update','Task 415 ({\"parent\":null})'),('2020-03-16 03:20:11','vitaly.radionov@anychart.com','update','Task 415 ({\"parent\":407})'),('2020-03-16 03:23:38','vitaly.radionov@anychart.com','update','Task 415 ({\"baselineStart\":\"Sun Mar 15 2020\",\"baselineEnd\":\"Mon Mar 16 2020\",\"assignee\":14})'),('2020-03-16 06:04:21','vitaly.radionov@anychart.com','update','Task 411 ({\"baselineStart\":\"Sun Mar 15 2020\",\"baselineEnd\":\"Mon Mar 16 2020\",\"assignee\":14})'),('2020-03-16 06:24:37','vladimir.litvintsev@anychart.com','update','Task 415 ({\"actualStart\":\"Sun Mar 15 2020\",\"actualEnd\":\"Mon Mar 16 2020\",\"progressValue\":1})'),('2020-03-16 07:43:06','vitaly.radionov@anychart.com','update','Task 423 ({\"baselineStart\":\"Sun Mar 15 2020\",\"baselineEnd\":\"Wed Mar 18 2020\",\"assignee\":14})'),('2020-03-16 08:45:49','vitaly.radionov@anychart.com','update','Task 426 ({\"assignee\":8})'),('2020-03-16 08:45:58','vitaly.radionov@anychart.com','update','Task 426 ({\"baselineStart\":\"Sun Mar 15 2020\",\"baselineEnd\":\"Fri Mar 20 2020\"})'),('2020-03-16 08:46:07','alexander.shestakov@anychart.com','update','Task 426 ({\"actualStart\":\"Sun Mar 15 2020\"})'),('2020-03-16 09:01:08','vitaly.radionov@anychart.com','Add','Task 429 ({\"id\":429,\"name\":\"License\",\"actualStart\":null,\"actualEnd\":null,\"baselineStart\":null,\"baselineEnd\":null,\"progressValue\":null,\"parent\":407,\"project\":11,\"last_modified\":1584349268760,\"assignee\":null,\"deleted\":0,\"url\":\"\",\"priority\":\"\"})'),('2020-03-16 09:01:27','vitaly.radionov@anychart.com','update','Task 429 ({\"baselineStart\":\"Sun Mar 15 2020\",\"baselineEnd\":\"Wed Mar 18 2020\",\"assignee\":1,\"url\":\"QLIK-125\"})'),('2020-03-16 09:02:08','vitaly.radionov@anychart.com','update','Task 420 ({\"actualStart\":\"Sat Feb 29 2020\"})'),('2020-03-16 09:08:36','alexander.shestakov@anychart.com','update','Task 426 ({\"progressValue\":0.1})'),('2020-03-17 05:43:47','alexander.shestakov@anychart.com','update','Task 425 ({})'),('2020-03-17 05:43:53','alexander.shestakov@anychart.com','update','Task 426 ({})'),('2020-03-17 05:44:05','alexander.shestakov@anychart.com','update','Task 425 ({\"progressValue\":0.7})'),('2020-03-17 05:44:16','alexander.shestakov@anychart.com','update','Task 425 ({\"progressValue\":1})'),('2020-03-17 07:44:13','vitaly.radionov@anychart.com','update','Task 414 ({\"actualStart\":\"Sun Mar 01 2020\"})'),('2020-03-17 07:44:18','vitaly.radionov@anychart.com','update','Task 413 ({\"actualStart\":\"Sun Mar 01 2020\"})'),('2020-03-17 07:44:47','vitaly.radionov@anychart.com','update','Task 426 ({\"actualEnd\":\"Fri Mar 20 2020\"})'),('2020-03-17 07:45:07','vitaly.radionov@anychart.com','update','Task 419 ({\"actualEnd\":\"Wed Mar 25 2020\",\"baselineStart\":\"Sun Mar 15 2020\",\"baselineEnd\":\"Wed Mar 25 2020\"})'),('2020-03-17 07:45:26','vitaly.radionov@anychart.com','update','Task 418 ({\"actualEnd\":\"Wed Mar 18 2020\",\"baselineStart\":\"Sun Mar 15 2020\",\"baselineEnd\":\"Wed Mar 18 2020\"})'),('2020-03-17 09:20:54','alexander.shestakov@anychart.com','update','Task 426 ({\"actualEnd\":\"Wed Dec 31 1969\",\"progressValue\":0.4})'),('2020-03-17 09:21:16','alexander.shestakov@anychart.com','update','Task 426 ({\"actualEnd\":\"Fri Mar 20 2020\"})'),('2020-03-18 09:35:24','alexander.shestakov@anychart.com','update','Task 426 ({\"actualEnd\":\"Wed Mar 18 2020\",\"progressValue\":1})'),('2020-03-19 10:07:29','vitaly.radionov@anychart.com','Add','Task 430 ({\"id\":430,\"name\":\"Fiscal Year\",\"actualStart\":null,\"actualEnd\":null,\"baselineStart\":null,\"baselineEnd\":null,\"progressValue\":null,\"parent\":407,\"project\":11,\"last_modified\":1584612449713,\"assignee\":null,\"deleted\":0,\"url\":\"\",\"priority\":\"\"})'),('2020-03-19 10:08:05','vitaly.radionov@anychart.com','update','Task 430 ({\"baselineStart\":\"Thu Mar 19 2020\",\"baselineEnd\":\"Fri Mar 20 2020\",\"assignee\":3,\"url\":\"QLIK-130\",\"priority\":\"1\",\"userId\":3,\"userName\":\"Kudryavtsev\",\"userAvatar\":\"https://avatars3.githubusercontent.com/u/1116634?s=96&v=4\",\"userDeleted\":0})'),('2020-03-19 10:08:14','vitaly.radionov@anychart.com','update','Task 423 ({\"parent\":408})'),('2020-03-20 02:38:17','vitaly.radionov@anychart.com','Add','Task 431 ({\"id\":431,\"name\":\"Cloud version\",\"actualStart\":null,\"actualEnd\":null,\"baselineStart\":null,\"baselineEnd\":null,\"progressValue\":null,\"parent\":409,\"project\":11,\"last_modified\":1584671897909,\"assignee\":null,\"deleted\":0,\"url\":\"\",\"priority\":\"\"})'),('2020-03-20 02:38:34','vitaly.radionov@anychart.com','update','Task 431 ({\"baselineStart\":\"Thu Mar 19 2020\",\"baselineEnd\":\"Fri Mar 20 2020\",\"assignee\":8,\"url\":\"QLIK-113\",\"userId\":8,\"userName\":\"Shestakov\",\"userAvatar\":\"https://avatars3.githubusercontent.com/u/24609062?s=96&v=4\",\"userDeleted\":0})'),('2020-03-20 10:05:29','ilya.kurnoy@anychart.com','update','Task 428 ({\"actualStart\":\"Sun Mar 15 2020\",\"actualEnd\":\"Wed Mar 25 2020\",\"progressValue\":0.8})'),('2020-03-20 10:05:37','ilya.kurnoy@anychart.com','update','Task 428 ({})'),('2020-03-23 03:02:40','vladimir.litvintsev@anychart.com','update','Task 411 ({\"actualStart\":\"Sun Mar 15 2020\",\"actualEnd\":\"Mon Mar 16 2020\",\"progressValue\":1})'),('2020-03-23 03:13:42','alexander.shestakov@anychart.com','update','Task 431 ({\"actualStart\":\"Thu Mar 19 2020\",\"progressValue\":0.5})'),('2020-03-23 04:23:53','vitaly.radionov@anychart.com','Add','Task 432 ({\"id\":432,\"name\":\"Disable DataGrid\",\"actualStart\":null,\"actualEnd\":null,\"baselineStart\":null,\"baselineEnd\":null,\"progressValue\":null,\"parent\":407,\"project\":11,\"last_modified\":1584937433328,\"assignee\":null,\"deleted\":0,\"url\":\"\",\"priority\":\"\"})'),('2020-03-23 04:24:08','vitaly.radionov@anychart.com','update','Task 432 ({\"actualStart\":\"Sun Mar 22 2020\",\"actualEnd\":\"Mon Mar 23 2020\",\"progressValue\":1,\"assignee\":10,\"url\":\"QLIK-134\",\"userId\":10,\"userName\":\"Kurnoy\",\"userAvatar\":\"https://avatars2.githubusercontent.com/u/4188229?s=96&v=4\",\"userDeleted\":0})'),('2020-03-23 04:25:07','alexander.kudryavtsev@anychart.com','update','Task 427 ({\"progressValue\":0.8})'),('2020-03-23 04:25:15','alexander.kudryavtsev@anychart.com','update','Task 430 ({\"progressValue\":0.8})'),('2020-03-23 04:25:54','alexander.kudryavtsev@anychart.com','update','Task 430 ({\"actualStart\":\"Thu Mar 19 2020\",\"actualEnd\":\"Mon Mar 23 2020\"})'),('2020-03-23 04:34:51','sergey.baranov@anychart.com','update','Task 420 ({\"actualEnd\":\"Fri Mar 27 2020\"})'),('2020-03-23 04:34:54','sergey.baranov@anychart.com','update','Task 420 ({\"progressValue\":0.9})'),('2020-03-23 04:56:13','vitaly.radionov@anychart.com','Add','Task 433 ({\"id\":433,\"name\":\"DataGrid disable\",\"actualStart\":null,\"actualEnd\":null,\"baselineStart\":null,\"baselineEnd\":null,\"progressValue\":null,\"parent\":370,\"project\":11,\"last_modified\":1584939373545,\"assignee\":null,\"deleted\":0,\"url\":\"\",\"priority\":\"\"})'),('2020-03-23 04:56:22','vitaly.radionov@anychart.com','update','Task 433 ({\"url\":\"DVF-4401\"})'),('2020-03-23 05:01:07','vitaly.radionov@anychart.com','update','Task 428 ({\"baselineStart\":\"Sun Mar 15 2020\",\"baselineEnd\":\"Fri Mar 20 2020\"})'),('2020-03-23 05:01:20','vitaly.radionov@anychart.com','update','Task 416 ({\"baselineStart\":\"Sun Mar 08 2020\",\"baselineEnd\":\"Fri Mar 13 2020\"})'),('2020-03-23 05:01:32','vitaly.radionov@anychart.com','update','Task 417 ({\"baselineStart\":\"Thu Mar 12 2020\",\"baselineEnd\":\"Mon Mar 16 2020\"})'),('2020-03-23 05:02:05','vitaly.radionov@anychart.com','update','Task 431 ({\"actualEnd\":\"Wed Mar 25 2020\",\"baselineEnd\":\"Wed Mar 25 2020\"})'),('2020-03-23 05:02:30','vitaly.radionov@anychart.com','update','Task 425 ({\"baselineStart\":\"Sun Mar 01 2020\",\"baselineEnd\":\"Thu Mar 12 2020\"})'),('2020-03-23 06:25:18','vitaly.radionov@anychart.com','Add','Task 434 ({\"id\":434,\"name\":\"New Licenses\",\"actualStart\":null,\"actualEnd\":null,\"baselineStart\":null,\"baselineEnd\":null,\"progressValue\":null,\"parent\":409,\"project\":11,\"last_modified\":1584944718739,\"assignee\":null,\"deleted\":0,\"url\":\"\",\"priority\":\"\"})'),('2020-03-23 06:25:30','vitaly.radionov@anychart.com','update','Task 434 ({\"assignee\":8,\"url\":\"QLIK-137\",\"userId\":8,\"userName\":\"Shestakov\",\"userAvatar\":\"https://avatars3.githubusercontent.com/u/24609062?s=96&v=4\",\"userDeleted\":0})'),('2020-03-23 06:31:55','vitaly.radionov@anychart.com','update','Task 424 ({\"assignee\":8,\"userId\":8,\"userName\":\"Shestakov\",\"userAvatar\":\"https://avatars3.githubusercontent.com/u/24609062?s=96&v=4\",\"userDeleted\":0})'),('2020-03-23 07:10:18','alexander.shestakov@anychart.com','update','Task 431 ({\"actualEnd\":\"Mon Mar 23 2020\",\"baselineEnd\":\"Fri Mar 20 2020\",\"progressValue\":1})'),('2020-03-23 09:27:10','alexander.shestakov@anychart.com','update','Task 434 ({\"actualStart\":\"Mon Mar 23 2020\"})'),('2020-03-25 01:33:32','alexander.shestakov@anychart.com','update','Task 434 ({\"progressValue\":0.7})'),('2020-03-25 01:33:41','alexander.shestakov@anychart.com','update','Task 434 ({})'),('2020-03-25 01:49:11','ilya.kurnoy@anychart.com','update','Task 432 ({\"actualEnd\":\"Thu Mar 26 2020\"})'),('2020-03-25 01:49:19','ilya.kurnoy@anychart.com','update','Task 428 ({\"progressValue\":0.9})'),('2020-03-25 01:49:35','ilya.kurnoy@anychart.com','update','Task 428 ({\"actualEnd\":\"Thu Mar 26 2020\"})'),('2020-03-25 02:59:08','vitaly.radionov@anychart.com','update','Task 414 ({\"progressValue\":null})'),('2020-03-25 02:59:35','vitaly.radionov@anychart.com','update','Task 423 ({\"baselineStart\":\"Tue Mar 24 2020\",\"baselineEnd\":\"Mon Mar 30 2020\",\"assignee\":9,\"userId\":9,\"userName\":\"Chengaev\",\"userAvatar\":\"https://avatars2.githubusercontent.com/u/28252648?s=96&v=4\"})'),('2020-03-25 10:43:47','vitaly.radionov@anychart.com','Add','Task 435 ({\"id\":435,\"name\":\"Gantt: groupingTask fallback\",\"actualStart\":null,\"actualEnd\":null,\"baselineStart\":null,\"baselineEnd\":null,\"progressValue\":null,\"parent\":370,\"project\":11,\"last_modified\":1585133027687,\"assignee\":null,\"deleted\":0,\"url\":\"\",\"priority\":\"\"})'),('2020-03-25 10:44:13','vitaly.radionov@anychart.com','update','Task 435 ({\"actualStart\":\"Wed Mar 25 2020\",\"actualEnd\":\"Fri Mar 27 2020\",\"baselineStart\":\"Wed Mar 25 2020\",\"baselineEnd\":\"Fri Mar 27 2020\",\"assignee\":10,\"url\":\"DVF-4404\",\"userId\":10,\"userName\":\"Kurnoy\",\"userAvatar\":\"https://avatars2.githubusercontent.com/u/4188229?s=96&v=4\",\"userDeleted\":0})'),('2020-03-25 11:40:35','vitaly.radionov@anychart.com','update','Task 434 ({\"actualEnd\":\"Thu Mar 26 2020\"})'),('2020-03-26 04:43:43','alexander.shestakov@anychart.com','update','Task 434 ({\"progressValue\":1})'),('2020-03-26 06:58:46','vitaly.radionov@anychart.com','Add','Task 436 ({\"id\":436,\"name\":\"Gantt: Labels overlap\",\"actualStart\":null,\"actualEnd\":null,\"baselineStart\":null,\"baselineEnd\":null,\"progressValue\":null,\"parent\":370,\"project\":11,\"last_modified\":1585205926500,\"assignee\":null,\"deleted\":0,\"url\":\"\",\"priority\":\"\"})'),('2020-03-26 06:59:07','vitaly.radionov@anychart.com','update','Task 436 ({\"assignee\":10,\"url\":\"DVF-4359\",\"userId\":10,\"userName\":\"Kurnoy\",\"userAvatar\":\"https://avatars2.githubusercontent.com/u/4188229?s=96&v=4\",\"userDeleted\":0})'),('2020-03-26 06:59:16','vitaly.radionov@anychart.com','update','Task 427 ({\"name\":\"Gantt: Start/End Marker\"})'),('2020-03-26 06:59:24','vitaly.radionov@anychart.com','update','Task 433 ({\"name\":\"Gantt: DataGrid disable\"})'),('2020-03-26 15:53:49','anton.chengaev@anychart.com','update','Task 414 ({\"actualStart\":\"Wed Mar 25 2020\",\"actualEnd\":\"Thu Mar 26 2020\",\"progressValue\":0.7})'),('2020-03-26 15:54:09','anton.chengaev@anychart.com','update','Task 423 ({\"actualStart\":\"Tue Mar 24 2020\",\"actualEnd\":\"Thu Mar 26 2020\",\"progressValue\":0.7})'),('2020-03-26 15:54:49','anton.chengaev@anychart.com','update','Task 413 ({\"actualEnd\":\"Thu Mar 26 2020\"})'),('2020-03-31 01:43:18','vitaly.radionov@anychart.com','update','Task 433 ({\"actualStart\":\"Mon Mar 23 2020\",\"actualEnd\":\"Tue Mar 24 2020\",\"progressValue\":1,\"assignee\":10,\"userId\":10,\"userName\":\"Kurnoy\",\"userAvatar\":\"https://avatars2.githubusercontent.com/u/4188229?s=96&v=4\",\"userDeleted\":0})'),('2020-03-31 01:43:37','vitaly.radionov@anychart.com','update','Task 436 ({\"actualStart\":\"Sat Feb 29 2020\",\"actualEnd\":\"Fri May 01 2020\"})'),('2020-03-31 03:17:36','vitaly.radionov@anychart.com','update','Task 408 ({\"name\":\"May? Release\"})'),('2020-03-31 03:17:47','vitaly.radionov@anychart.com','update','Task 407 ({\"name\":\"April Release\"})'),('2020-03-31 03:19:24','vitaly.radionov@anychart.com','update','Task 414 ({\"parent\":407})'),('2020-03-31 03:19:29','vitaly.radionov@anychart.com','update','Task 420 ({\"parent\":407})'),('2020-03-31 03:19:33','vitaly.radionov@anychart.com','update','Task 423 ({\"parent\":407})'),('2020-03-31 03:21:50','vitaly.radionov@anychart.com','Add','Task 437 ({\"id\":437,\"name\":\"148\",\"actualStart\":null,\"actualEnd\":null,\"baselineStart\":null,\"baselineEnd\":null,\"progressValue\":null,\"parent\":408,\"project\":11,\"last_modified\":1585624910811,\"assignee\":null,\"deleted\":0,\"url\":\"\",\"priority\":\"\"})'),('2020-03-31 03:21:56','vitaly.radionov@anychart.com','Add','Task 438 ({\"id\":438,\"name\":\"149\",\"actualStart\":null,\"actualEnd\":null,\"baselineStart\":null,\"baselineEnd\":null,\"progressValue\":null,\"parent\":408,\"project\":11,\"last_modified\":1585624916212,\"assignee\":null,\"deleted\":0,\"url\":\"\",\"priority\":\"\"})'),('2020-03-31 04:35:43','vitaly.radionov@anychart.com','Add','Task 439 ({\"id\":439,\"name\":\"Resource Milestones\",\"actualStart\":null,\"actualEnd\":null,\"baselineStart\":null,\"baselineEnd\":null,\"progressValue\":null,\"parent\":408,\"project\":11,\"last_modified\":1585629343896,\"assignee\":null,\"deleted\":0,\"url\":\"\",\"priority\":\"\"})'),('2020-03-31 04:36:28','vitaly.radionov@anychart.com','update','Task 439 ({\"baselineStart\":\"Mon Mar 30 2020\",\"baselineEnd\":\"Fri Apr 03 2020\",\"assignee\":3,\"url\":\"QLIK-142\",\"userId\":3,\"userName\":\"Kudryavtsev\",\"userAvatar\":\"https://avatars3.githubusercontent.com/u/1116634?s=96&v=4\",\"userDeleted\":0})'),('2020-03-31 04:37:16','vitaly.radionov@anychart.com','Add','Task 440 ({\"id\":440,\"name\":\"Resource Milestones\",\"actualStart\":null,\"actualEnd\":null,\"baselineStart\":null,\"baselineEnd\":null,\"progressValue\":null,\"parent\":370,\"project\":11,\"last_modified\":1585629436961,\"assignee\":null,\"deleted\":0,\"url\":\"\",\"priority\":\"\"})'),('2020-03-31 04:37:45','vitaly.radionov@anychart.com','update','Task 440 ({\"baselineStart\":\"Mon Mar 30 2020\",\"baselineEnd\":\"Fri Apr 03 2020\",\"assignee\":3,\"url\":\"DVF-4405\",\"userId\":3,\"userName\":\"Kudryavtsev\",\"userAvatar\":\"https://avatars3.githubusercontent.com/u/1116634?s=96&v=4\",\"userDeleted\":0})'),('2020-03-31 04:44:15','vitaly.radionov@anychart.com','update','Task 438 ({\"name\":\"Resource dataSettings Issue\",\"actualStart\":\"Mon Mar 30 2020\",\"actualEnd\":\"Tue Mar 31 2020\",\"assignee\":13,\"url\":\"QLIK-149\",\"userId\":13,\"userName\":\"Klimov\",\"userAvatar\":\"https://avatar-management--avatars.us-west-2.prod.public.atl-paas.net/5e16d0edeb2ae70ea1e047cd/0c6ab8a0-53dd-445f-847b-eda7e10bfe41/128?size=48&s=48\",\"userDeleted\":0})'),('2020-03-31 04:44:41','vitaly.radionov@anychart.com','update','Task 437 ({\"name\":\"Resource Labels Issue\",\"actualStart\":\"Mon Mar 30 2020\",\"actualEnd\":\"Tue Mar 31 2020\",\"progressValue\":1,\"assignee\":13,\"url\":\"QLIK-148\",\"userId\":13,\"userName\":\"Klimov\",\"userAvatar\":\"https://avatar-management--avatars.us-west-2.prod.public.atl-paas.net/5e16d0edeb2ae70ea1e047cd/0c6ab8a0-53dd-445f-847b-eda7e10bfe41/128?size=48&s=48\",\"userDeleted\":0})'),('2020-03-31 04:48:09','vitaly.radionov@anychart.com','Add','Task 441 ({\"id\":441,\"name\":\"Interface Issues\",\"actualStart\":null,\"actualEnd\":null,\"baselineStart\":null,\"baselineEnd\":null,\"progressValue\":null,\"parent\":407,\"project\":11,\"last_modified\":1585630089138,\"assignee\":null,\"deleted\":0,\"url\":\"\",\"priority\":\"\"})'),('2020-03-31 04:48:20','vitaly.radionov@anychart.com','update','Task 441 ({\"url\":\"QLIK-147\"})'),('2020-03-31 07:07:43','vitaly.radionov@anychart.com','update','Task 439 ({\"assignee\":9,\"userId\":9,\"userName\":\"Chengaev\",\"userAvatar\":\"https://avatars2.githubusercontent.com/u/28252648?s=96&v=4\"})'),('2020-03-31 07:07:51','vitaly.radionov@anychart.com','update','Task 437 ({\"parent\":407})'),('2020-03-31 07:07:54','vitaly.radionov@anychart.com','update','Task 438 ({\"parent\":407})'),('2020-04-01 04:42:51','anton.chengaev@anychart.com','update','Task 423 ({\"actualEnd\":\"Mon Mar 30 2020\",\"progressValue\":0.8})'),('2020-04-01 04:43:41','anton.chengaev@anychart.com','update','Task 439 ({\"actualStart\":\"Wed Apr 29 2020\",\"actualEnd\":\"Wed Apr 01 2020\",\"progressValue\":0.5})'),('2020-04-01 04:43:58','anton.chengaev@anychart.com','update','Task 439 ({\"actualStart\":\"Mon Mar 30 2020\"})'),('2020-04-01 04:59:50','vitaly.radionov@anychart.com','Add','Task 442 ({\"id\":442,\"name\":\"BUg: selection issue\",\"actualStart\":null,\"actualEnd\":null,\"baselineStart\":null,\"baselineEnd\":null,\"progressValue\":null,\"parent\":408,\"project\":11,\"last_modified\":1585717190963,\"assignee\":null,\"deleted\":0,\"url\":\"\",\"priority\":\"\"})'),('2020-04-01 05:00:07','vitaly.radionov@anychart.com','update','Task 442 ({\"name\":\"Bug: selection issue\",\"actualStart\":\"Tue Mar 31 2020\",\"actualEnd\":\"Wed Apr 01 2020\",\"assignee\":9,\"url\":\"QLIK-100\",\"userId\":9,\"userName\":\"Chengaev\",\"userAvatar\":\"https://avatars2.githubusercontent.com/u/28252648?s=96&v=4\",\"userDeleted\":0})'),('2020-04-01 05:07:20','anton.chengaev@anychart.com','update','Task 413 ({\"progressValue\":1})'),('2020-04-06 03:12:37','ilya.klimov@anychart.com','update','Task 417 ({\"progressValue\":1})'),('2020-04-06 03:12:40','ilya.klimov@anychart.com','update','Task 418 ({\"progressValue\":1})'),('2020-04-06 03:13:28','ilya.klimov@anychart.com','update','Task 437 ({})'),('2020-04-06 03:13:31','ilya.klimov@anychart.com','update','Task 438 ({\"progressValue\":1})'),('2020-04-06 03:13:42','ilya.klimov@anychart.com','update','Task 419 ({\"progressValue\":0.5})'),('2020-04-08 09:25:09','anton.kagakin@anychart.com','update','Task 422 ({\"progressValue\":1})'),('2020-04-08 09:25:31','anton.kagakin@anychart.com','update','Task 429 ({\"progressValue\":1})'),('2020-04-21 03:03:26','ilya.kurnoy@anychart.com','update','Task 435 ({\"progressValue\":1})'),('2020-04-21 03:03:37','ilya.kurnoy@anychart.com','update','Task 436 ({\"progressValue\":0.7})'),('2020-04-21 03:03:52','ilya.kurnoy@anychart.com','update','Task 428 ({\"progressValue\":1})'),('2020-04-21 07:37:03','sergey.baranov@anychart.com','update','Task 420 ({\"actualEnd\":\"Fri Apr 10 2020\",\"progressValue\":1})');
/*!40000 ALTER TABLE `log_action` ENABLE KEYS */;
UNLOCK TABLES;

--
-- Table structure for table `project`
--

DROP TABLE IF EXISTS `project`;
/*!40101 SET @saved_cs_client     = @@character_set_client */;
/*!40101 SET character_set_client = utf8 */;
CREATE TABLE `project` (
  `id` int(11) NOT NULL AUTO_INCREMENT,
  `name` varchar(1024) NOT NULL,
  `last_modified` bigint(11) NOT NULL,
  `deleted` tinyint(1) NOT NULL DEFAULT '0',
  PRIMARY KEY (`id`)
) ENGINE=InnoDB AUTO_INCREMENT=12 DEFAULT CHARSET=utf8;
/*!40101 SET character_set_client = @saved_cs_client */;

--
-- Dumping data for table `project`
--

LOCK TABLES `project` WRITE;
/*!40000 ALTER TABLE `project` DISABLE KEYS */;
INSERT INTO `project` VALUES (1,'May-2019',1557294752965,0),(2,'June-2019',1559635304425,0),(3,'July 2019',1561520267557,0),(4,'Augustino 2019',1563938257008,0),(5,'Septembris 2019',1569904341655,0),(6,'Octoberfest 2019 ',1571888324419,0),(7,'Наёбрь 2019',1574138152615,0),(8,'December 2019',1575357419916,0),(9,'January 2020',1579745144827,0),(10,'Feb 2020',1579505440824,0),(11,'QlikWorld (11 may) 2020',1583829287406,0);
/*!40000 ALTER TABLE `project` ENABLE KEYS */;
UNLOCK TABLES;

--
-- Table structure for table `task`
--

DROP TABLE IF EXISTS `task`;
/*!40101 SET @saved_cs_client     = @@character_set_client */;
/*!40101 SET character_set_client = utf8 */;
CREATE TABLE `task` (
  `id` int(11) NOT NULL AUTO_INCREMENT,
  `name` varchar(1024) NOT NULL,
  `actualStart` bigint(11) DEFAULT NULL,
  `actualEnd` bigint(11) DEFAULT NULL,
  `baselineStart` bigint(11) DEFAULT NULL,
  `baselineEnd` bigint(11) DEFAULT NULL,
  `progressValue` decimal(10,2) DEFAULT NULL,
  `parent` int(11) DEFAULT NULL,
  `project` int(11) NOT NULL,
  `last_modified` bigint(20) NOT NULL,
  `assignee` int(11) DEFAULT NULL,
  `deleted` tinyint(1) NOT NULL DEFAULT '0',
  `url` varchar(1024) DEFAULT NULL,
  `priority` varchar(1) DEFAULT NULL,
  PRIMARY KEY (`id`),
  KEY `parent` (`parent`),
  KEY `task` (`project`),
  KEY `assignee` (`assignee`),
  CONSTRAINT `task_ibfk_1` FOREIGN KEY (`parent`) REFERENCES `task` (`id`),
  CONSTRAINT `task_ibfk_2` FOREIGN KEY (`project`) REFERENCES `project` (`id`),
  CONSTRAINT `task_ibfk_3` FOREIGN KEY (`assignee`) REFERENCES `user` (`id`)
) ENGINE=InnoDB AUTO_INCREMENT=443 DEFAULT CHARSET=utf8;
/*!40101 SET character_set_client = @saved_cs_client */;

--
-- Dumping data for table `task`
--

LOCK TABLES `task` WRITE;
/*!40000 ALTER TABLE `task` DISABLE KEYS */;
INSERT INTO `task` VALUES (1,'AnyChart',NULL,NULL,NULL,NULL,NULL,NULL,1,1578545697364,NULL,0,'',''),(2,'DVF-3947 Plot controls',NULL,NULL,NULL,NULL,NULL,1,1,1558511055475,NULL,0,NULL,NULL),(3,'Codebase',1558051200000,1558539958452,NULL,NULL,1.00,2,1,1558683442455,NULL,0,NULL,NULL),(4,'API',1558875199538,1559220799535,NULL,NULL,1.00,2,1,1559286514281,NULL,0,NULL,NULL),(5,'QA',1559001600000,1559174399999,NULL,NULL,NULL,2,1,1558683757444,NULL,0,NULL,NULL),(6,'Freeboard',NULL,NULL,NULL,NULL,NULL,NULL,1,1578545706375,NULL,0,'',''),(7,'Codebase',1557705600000,1557964799999,NULL,NULL,1.00,6,1,1558516476961,NULL,0,NULL,NULL),(8,'Web page',1557792000000,1557878399999,NULL,NULL,1.00,6,1,1558515317961,NULL,0,NULL,NULL),(9,'Web Content',1558396800000,1558655999999,NULL,NULL,0.20,6,1,1558505429133,NULL,0,NULL,NULL),(10,'Tableau',NULL,NULL,NULL,NULL,NULL,NULL,1,1578545755592,NULL,0,'',''),(11,'Qlik',NULL,NULL,NULL,NULL,NULL,NULL,1,1578545718419,NULL,0,'',''),(12,'Codebase',1557792000000,1559347199998,NULL,NULL,0.70,10,1,1559271492391,NULL,0,NULL,NULL),(13,'Web page',1557878400000,1557964799999,NULL,NULL,1.00,10,1,1558515279343,NULL,0,NULL,NULL),(14,'Web page Content',1558915200000,1559347199999,NULL,NULL,NULL,10,1,1558510384742,NULL,0,NULL,NULL),(15,'License Server',1558929230662,1559534030659,NULL,NULL,0.40,10,1,1559271521138,NULL,0,NULL,NULL),(16,'License Server',1557878400000,1558066710664,NULL,NULL,1.00,6,1,1558517050215,NULL,0,NULL,NULL),(17,'Gantt Performance',1557100800000,1557878399999,NULL,NULL,1.00,11,1,1558516619808,NULL,0,NULL,NULL),(18,'Gantt Printing',1557705600000,1559260799998,NULL,NULL,1.00,11,1,1559270323570,NULL,0,NULL,NULL),(19,'Gantt Separated Tooltips',1559260800000,1559347199999,NULL,NULL,1.00,11,1,1559287165784,NULL,0,NULL,NULL),(20,'Gantt Milestones preview',1558483200000,1558569599999,NULL,NULL,1.00,11,1,1558516681017,NULL,0,NULL,NULL),(21,'Errors data mapping',1558051200000,1558483199999,NULL,NULL,1.00,11,1,1558517010421,NULL,0,NULL,NULL),(22,'Client-side Export',1558483200000,1559433599998,NULL,NULL,0.20,1,1,1559271958582,NULL,0,NULL,NULL),(23,'DVF-4236 ganttToolbar rework',1556668800000,1558569599998,NULL,NULL,1.00,1,1,1558516945625,NULL,0,NULL,NULL),(24,'DVF-4235 Gantt Milestone preview',NULL,NULL,NULL,NULL,NULL,1,1,1558517194503,NULL,0,NULL,NULL),(25,'Gantt Themes flatting',1558396800000,1558742399998,NULL,NULL,1.00,30,1,1559271615114,NULL,0,NULL,NULL),(26,'Bugfixes',NULL,NULL,NULL,NULL,NULL,1,1,1558511619249,NULL,0,NULL,NULL),(27,'DVF-4201 Legend redraw',1558310400000,1558742399998,NULL,NULL,0.90,26,1,1559271478060,NULL,0,NULL,NULL),(28,'DVF-4242 Paginator overlap',1559088000000,1559347199999,NULL,NULL,NULL,26,1,1558515212220,NULL,0,NULL,NULL),(29,'DVF-4228 Stock range annotations',NULL,NULL,NULL,NULL,NULL,1,1,1558683541763,NULL,0,NULL,NULL),(30,'DVF-4244 Gantt separate tooltip',NULL,NULL,NULL,NULL,NULL,1,1,1558517732638,NULL,0,NULL,NULL),(31,'Stock Indicators\n(alpha)',1558483200000,1559260799999,NULL,NULL,1.00,11,1,1559271017486,NULL,0,NULL,NULL),(32,'Gantt 3k points sample',1557273600000,1558483199999,NULL,NULL,1.00,11,1,1558515060502,NULL,0,NULL,NULL),(33,'\nResearch:\nusers scripts',1556668800000,1557446399998,NULL,NULL,1.00,11,1,1559287179517,NULL,0,NULL,NULL),(34,'Codebase',1557100800000,1557532799999,NULL,NULL,1.00,24,1,1558517586163,NULL,0,NULL,NULL),(35,'API',1557705600000,1557878399999,NULL,NULL,1.00,24,1,1558517624050,NULL,0,NULL,NULL),(36,'QA',1557713530374,1557964799999,NULL,NULL,1.00,24,1,1558517674643,NULL,0,NULL,NULL),(37,'Codebase',1558569600000,1558828799998,NULL,NULL,1.00,30,1,1559271652376,NULL,0,NULL,NULL),(38,'QA',1558915200000,1559174399998,NULL,NULL,1.00,30,1,1559271662059,NULL,0,NULL,NULL),(39,'API',1559174400000,1559347199999,NULL,NULL,0.30,30,1,1559271674774,NULL,0,NULL,NULL),(40,'Gantt clip problem',1559088000000,1559347199998,NULL,NULL,1.00,11,1,1559270365927,NULL,0,NULL,NULL),(41,'Codebase',1558396800000,1558569599999,NULL,NULL,1.00,29,1,1558683527433,NULL,0,NULL,NULL),(42,'API',1558569600000,1558742399999,NULL,NULL,1.00,29,1,1558683565872,NULL,0,NULL,NULL),(43,'QA',1558656000000,1559174399997,NULL,NULL,1.00,29,1,1559286956918,NULL,0,NULL,NULL),(44,'Qlik',NULL,NULL,NULL,NULL,NULL,NULL,2,1578545773539,NULL,0,'',''),(45,'Freeboard',NULL,NULL,NULL,NULL,NULL,NULL,2,1559635390515,NULL,0,NULL,NULL),(46,'Tableau',NULL,NULL,NULL,NULL,NULL,NULL,2,1559635401476,NULL,0,NULL,NULL),(47,'Irwidget',NULL,NULL,NULL,NULL,NULL,NULL,2,1559635418660,NULL,0,NULL,NULL),(48,'AnyChart',NULL,NULL,NULL,NULL,NULL,NULL,2,1559635448556,NULL,0,NULL,NULL),(49,'Web content',NULL,NULL,1559779200000,1560297599999,NULL,45,2,1560240291415,7,0,NULL,NULL),(50,'Testing in Real Account',1559520000000,1559779199999,NULL,NULL,1.00,45,2,1560240281902,11,0,NULL,NULL),(51,'Продукты для покупки в PayPro',1560384000000,NULL,NULL,NULL,NULL,45,2,1560240263863,7,0,NULL,NULL),(52,'Проблема с лицензированием',1559520000000,1560902399999,1559520000000,1559951999999,1.00,46,2,1561453384222,9,0,NULL,NULL),(53,'Testing in Real Account',NULL,NULL,NULL,NULL,NULL,46,2,1559635768214,NULL,0,NULL,NULL),(54,'Web content',NULL,NULL,1560124800000,1560383999999,NULL,46,2,1560238931077,7,0,NULL,NULL),(55,'Продукты для покупки в PayPro',1560384000000,NULL,NULL,NULL,NULL,46,2,1560238920268,7,0,NULL,NULL),(56,'!!! Plot controls',NULL,NULL,NULL,NULL,NULL,48,2,1560238775710,NULL,1,NULL,NULL),(57,'1 Plot splitter',NULL,NULL,NULL,NULL,NULL,48,2,1561453138964,3,0,'DVF-4261',NULL),(58,'? переработка tech indicators',NULL,NULL,NULL,NULL,NULL,48,2,1559636571446,NULL,0,NULL,NULL),(59,'? persistent task',NULL,NULL,NULL,NULL,NULL,48,2,1559636607941,NULL,0,NULL,NULL),(60,'client-side export',1559520000000,1560470399999,1559520000000,1559951999999,1.00,48,2,1561453411530,10,0,NULL,NULL),(61,'1 EOD Данные',NULL,NULL,NULL,NULL,NULL,44,2,1559717827973,NULL,0,NULL,NULL),(62,'4 Offline version',1560124800000,1560556799999,1560124800000,1560297599999,1.00,44,2,1560504540049,4,0,NULL,NULL),(63,'2 tech indicators',NULL,NULL,NULL,NULL,NULL,44,2,1559724973248,NULL,0,NULL,NULL),(64,'4 new types / decision',NULL,NULL,NULL,NULL,NULL,44,2,1559719703021,NULL,0,NULL,NULL),(65,'4.5 drawing tools annotations research',NULL,NULL,NULL,NULL,NULL,44,2,1559720597238,NULL,0,NULL,NULL),(66,'5 gantt editing',NULL,NULL,NULL,NULL,NULL,44,2,1559720627293,NULL,0,NULL,NULL),(67,'? gantt range picker / selector',NULL,NULL,NULL,NULL,NULL,48,2,1559637985938,NULL,0,NULL,NULL),(68,'? gantt marquee navigation',NULL,NULL,NULL,NULL,NULL,48,2,1559638006867,NULL,0,NULL,NULL),(69,'3 documentations / demos',NULL,NULL,NULL,NULL,NULL,44,2,1559718242160,NULL,0,NULL,NULL),(70,'Постановка задач',1560729600000,NULL,NULL,NULL,NULL,47,2,1560238887557,7,0,NULL,NULL),(71,'Environment',NULL,NULL,NULL,NULL,NULL,NULL,2,1559638713512,NULL,0,NULL,NULL),(72,'Internal Planning Shit',1559779200000,1559951999999,NULL,NULL,1.00,71,2,1560238749562,3,0,NULL,NULL),(73,'License server нормализация',1560729600000,1560902399999,1560729600000,1560815999999,1.00,71,2,1561453569469,1,0,NULL,NULL),(74,'2 NPrinting',1560384000000,1560815999999,1560211200000,1560556799999,0.40,44,2,1560501172151,8,0,NULL,NULL),(75,'2 Snapshot / Printing ENV-1309',1559865600000,1560470399999,1559865600000,1560556799999,1.00,44,2,1562052073693,1,0,'',''),(76,'2 Testing\n(ибо TED и release)',NULL,NULL,NULL,NULL,NULL,44,2,1559718490602,NULL,0,NULL,NULL),(77,'2 TED',NULL,NULL,NULL,NULL,NULL,44,2,1559718498201,NULL,0,NULL,NULL),(78,'4.5 Custom theme / Settings',NULL,NULL,NULL,NULL,NULL,44,2,1559719840332,NULL,0,NULL,NULL),(79,'2 3d pie / donut ENV-1315',1560384000000,1560815999999,1560297600000,1560383999999,1.00,44,2,1561453325968,10,0,NULL,NULL),(80,'Support',NULL,NULL,NULL,NULL,NULL,NULL,2,1559717369406,NULL,0,NULL,NULL),(81,'UBS. Stock crosshair',1560902400000,1561075199999,1560902400000,1561075199999,1.00,80,2,1561453491423,9,0,NULL,NULL),(82,'UBS. Stock gaps',1560988800000,1561507199999,1561075200000,1561679999999,1.00,80,2,1561453534574,9,0,NULL,NULL),(83,'1 Yahoo tech indicators\n(DVF-4263)',1560124800000,1560297599999,1560124800000,1560297599999,1.00,48,2,1560238817147,9,0,NULL,NULL),(84,'demo-server',1561334400000,1561507199999,NULL,NULL,1.00,69,2,1561453602744,4,0,NULL,NULL),(85,'demos\n(health, finince etc)',NULL,NULL,NULL,NULL,NULL,69,2,1559724442050,NULL,0,NULL,NULL),(86,'documentation content',NULL,NULL,NULL,NULL,NULL,69,2,1559724455665,NULL,0,NULL,NULL),(87,'documentation engine ?',NULL,NULL,NULL,NULL,NULL,69,2,1559724472913,NULL,0,NULL,NULL),(88,'research',NULL,NULL,1559692800000,1560211199999,NULL,69,2,1560240775269,7,0,NULL,NULL),(89,'KEYS. BLOCKER',1559779200000,1560556799999,NULL,NULL,NULL,46,2,1560238912251,12,0,NULL,NULL),(90,'Функционал в плагин ENV-1306',1560211200000,1561075199999,1560297600000,1560988799998,1.00,61,2,1561453338824,11,0,NULL,NULL),(91,'Панель над чартом',1560988800000,1561420799999,1560902400000,1561075199999,1.00,61,2,1561453361407,11,0,NULL,NULL),(92,'Research. Сохранение настроек в модели для viewer ENV-1313',1560297600000,1560470399999,1560124800000,1560297599999,1.00,44,2,1560501083884,10,0,NULL,NULL),(93,'Редактирование серий CE\n(ENV-1307)',1559865600000,1560211199999,1559865600000,1560297599999,1.00,63,2,1560240755120,11,0,NULL,NULL),(94,'Панель над чартом',1560211200000,1560470399999,1560211200000,1560383999998,1.00,63,2,1560497865889,11,0,NULL,NULL),(95,'Desk retirement',NULL,NULL,NULL,NULL,NULL,71,2,1559809180641,NULL,0,NULL,NULL),(96,'DVF-4262. Gantt fix\n(8.6.1 broke)',1559865600000,1559951999999,1559865600000,1559951999999,1.00,48,2,1560238864798,3,0,NULL,NULL),(97,'TI,EOD,DT panels layout ENV-1314',1560729600000,1561075199999,1560729600000,1561161599997,1.00,44,2,1561452980924,2,0,'ENV-1314',NULL),(98,'Enterprise Viewer Fix',NULL,NULL,1560988800000,1561507199999,NULL,44,2,1560742341759,1,0,NULL,NULL),(99,'Beta version',1560729600000,1560815999999,1560729600000,1560815999999,1.00,44,2,1560764263289,4,0,NULL,NULL),(100,'About Template fixes',1560729600000,1560815999999,1560729600000,1560815999999,1.00,44,2,1560763982933,9,0,NULL,NULL),(101,'Native formattings',1560988800000,1561593599999,1560729600000,1560988799999,1.00,44,2,1562052096357,10,0,'',''),(102,'Site (Qlik/Tableau)',1561420800000,1561766399999,1561420800000,1561766399999,NULL,71,2,1561452755167,2,0,'ENV-1323',NULL),(103,'Gantt: milestones',1561420800000,1561593599999,1561420800000,1561593599999,NULL,48,2,1561452805078,9,0,'DVF-4269',NULL),(104,'Gantt: фискальный год',NULL,NULL,1561507200000,1562371199999,NULL,48,2,1561452940696,NULL,0,'DVF-4270',NULL),(105,'Codebase',1560124800000,1561507199999,1560124800000,1561161599999,1.00,57,2,1561453100555,3,0,NULL,NULL),(106,'API',1561420800000,1561593599999,1561420800000,1561593599999,NULL,57,2,1561453167911,3,0,NULL,NULL),(107,'QA',1561420800000,1561593599999,1561420800000,1561593599999,NULL,57,2,1561453191535,3,0,NULL,NULL),(108,'Proto Gantt 4.x',1561420800000,1561679999999,1561420800000,1561679999999,NULL,44,2,1561453304273,1,0,NULL,NULL),(109,'AnyChart',NULL,NULL,NULL,NULL,NULL,NULL,3,1561520303086,NULL,0,NULL,NULL),(110,'Qlik',NULL,NULL,NULL,NULL,NULL,NULL,3,1561520324120,NULL,0,NULL,NULL),(111,'Support',NULL,NULL,NULL,NULL,NULL,NULL,3,1561520343408,NULL,0,NULL,NULL),(112,'Environment',NULL,NULL,NULL,NULL,NULL,NULL,3,1561520370747,NULL,0,NULL,NULL),(113,'Gantt. Milestones Type',1561939200000,1562025599999,NULL,NULL,1.00,109,3,1562043900147,9,0,'DVF-4269',''),(114,'Gantt. Non-blocking rendering',1562025600000,1562371199999,1562025600000,1562371199999,1.00,109,3,1562637642626,3,0,'DVF-4279','1'),(115,'Gantt. Fiscal Year',1561939200000,1562630399999,1561939200000,1562198399999,1.00,109,3,1562637632942,3,0,'DVF-4270',''),(116,'Maps. Selection Marquee',1562025600000,1562975999999,1562025600000,1562975999999,1.00,109,3,1564558227079,10,0,'DVF-4278',''),(117,'Stock. TI. ICHIMOKU',1562025600000,1562630399999,1562025600000,1562198399999,1.00,109,3,1562573946107,8,0,'DVF-4284',''),(118,'Stock. TI. ENVELOP',1562544000000,1562630399999,1562544000000,1562630399999,1.00,109,3,1562635263438,8,0,'DVF-4282',''),(119,'Stock. TI. PPO',1562630400000,1562716799999,1562630400000,1562716799999,1.00,109,3,1564558207292,8,0,'DVF-4283',''),(120,'Stock. TI. PSY',1562716800000,1562803199999,1562716800000,1562803199999,1.00,109,3,1562820509254,8,0,'DVF-4285',''),(121,'Stock. TI. RCI',1562716800000,1562803199999,1562803200000,1562889599999,1.00,109,3,1562820071343,8,0,'DVF-4286',''),(122,'Stock. TI. RATIFICATOR',1563321600000,1563494399999,1562889600000,1562975999999,1.00,109,3,1563520316562,8,0,'DVF-4287',''),(123,'Review Stack',NULL,NULL,NULL,NULL,NULL,109,3,1562051636397,NULL,0,'',''),(124,'day 1',1562025600000,1562111999999,NULL,NULL,1.00,123,3,1562573973368,11,0,'',''),(125,'day 2',1563321600000,1563494399999,1562630400000,1562716799999,1.00,123,3,1563520377463,1,0,'',''),(126,'Gantt Prototype',NULL,NULL,NULL,NULL,NULL,110,3,1562052085752,NULL,0,'','1'),(127,'Snapshots',1561939200000,1562630399999,NULL,NULL,1.00,126,3,1562574029091,1,0,'',''),(128,'Toolbar',1562112000000,1562630399999,1562112000000,1562198399999,1.00,126,3,1562574002175,9,0,'ENV-1325','1'),(129,'Mapping settings',1561939200000,1562198399999,1561939200000,1562111999999,1.00,126,3,1562574011731,9,0,'','1'),(130,'v3.5',NULL,NULL,NULL,NULL,NULL,110,3,1562052077844,NULL,0,'',''),(131,'Drawing Tools',1561939200000,1562284799999,1561939200000,1562025599999,1.00,130,3,1562574043718,11,0,'ENV-1321',''),(132,'Demos',1563235200000,1563321599999,1562198400000,1562371199999,1.00,126,3,1563520430662,4,0,'ENV-1324','4'),(133,'Stock. new TI add to ENV',NULL,NULL,1563148800000,1563321599999,1.00,109,3,1564558143729,2,0,'DVF-4281',''),(134,'anychart.com',NULL,NULL,NULL,NULL,NULL,112,3,1562052331767,NULL,0,'',''),(135,'Qlik/Tableau new web pages',1561939200000,1562198399999,1561939200000,1562198399999,1.00,134,3,1564558468921,2,0,'ENV-1323',''),(136,'Fiscal Year control',1562630400000,1562716799999,1562630400000,1562716799999,1.00,126,3,1562655091349,9,0,'ENV-1326',''),(137,'Gantt. TLH labels resize fail (qlik)',1562630400000,1562716799999,1562630400000,1562716799999,1.00,109,3,1562644792065,1,0,'DVF-4293',''),(138,'ShowInDG control',1562630400000,1562716799999,1562630400000,1562716799999,1.00,126,3,1562820586067,9,0,'ENV-1327',''),(139,'Desktop Failed',1562630400000,1562716799999,1562630400000,1562716799999,1.00,126,3,1562644767670,1,0,'ENV-1328',''),(140,'About panel',1562889600000,1562975999999,1562716800000,1562803199999,1.00,126,3,1564558380828,9,0,'ENV-1329',''),(141,'Multipage printring',1562630400000,1562803199999,1562716800000,1562803199999,1.00,126,3,1564558368089,8,0,'ENV-1330',''),(142,'Mapping. pt 2',1562630400000,1562716799999,1562630400000,1562716799999,1.00,126,3,1562655098545,9,0,'ENV-1331',''),(143,'Print / SaveAs / qlik export',1563321600000,1563407999999,1562630400000,1562716799999,1.00,126,3,1563520401555,1,0,'',''),(144,'Gantt. Multi-select',1562630400000,1562975999999,1562630400000,1562975999999,1.00,109,3,1564558190300,3,0,'DVF-4294',''),(145,'Both side SELECTION',1563408000000,1563494399999,1562803200000,1562889599999,1.00,126,3,1563520416954,1,0,'ENV-1332',''),(146,'Hover (toolbar)',1562630400000,1562716799999,NULL,NULL,1.00,126,3,1562726369678,9,0,'',''),(147,'STAGE A',NULL,NULL,1563148800000,1563580799999,NULL,126,3,1563245314231,NULL,0,'',''),(148,'Fix SAVE images',1563148800000,1563235199999,1563148800000,1563235199999,1.00,147,3,1563245251372,9,0,'','1'),(149,'Colored grid Icons',1563148800000,1563321599999,1563148800000,1563235199999,1.00,147,3,1563355749688,1,0,'','2'),(150,'Preview milestones enable',NULL,NULL,NULL,NULL,1.00,147,3,1563437294555,1,0,'ENV-1334','3'),(151,'Today marker',1563235200000,1563321599999,1563235200000,1563321599999,1.00,147,3,1563355754536,9,0,'ENV-1333','4'),(152,'Elements fill/stroke settings',1563235200000,1563321599999,NULL,NULL,1.00,147,3,1563355759961,1,0,'ENV-1334','5'),(153,'Selection option',1562889600000,1563235199999,NULL,NULL,1.00,147,3,1563181626997,1,0,'','6'),(154,'Timeline levels coloring',1563321600000,1563407999999,NULL,NULL,1.00,147,3,1563355766453,9,0,'ENV-1335','7'),(155,'Disable Interactivity',1563321600000,1563407999999,1563408000000,1563494399999,1.00,147,3,1563355792042,9,0,'ENV-1336',''),(156,'STAGE B',NULL,NULL,1563753600000,1564185599999,NULL,126,3,1563519251051,NULL,0,'',''),(157,'Initial Date interval',1563494400000,1563580799999,1563753600000,1563926399999,1.00,156,3,1563760826206,9,0,'ENV-1337',''),(158,'Localization',1563753600000,1564012799999,1563753600000,1564012799999,1.00,156,3,1564116294010,11,0,'ENV-1338',''),(159,'Tooltip settings',1563753600000,1564012799999,1563753600000,1564012799999,1.00,156,3,1564116299617,9,0,'ENV-1339',''),(160,'Research (license, theming)',1563753600000,1563926399999,1563753600000,1563926399999,1.00,156,3,1564558447122,9,0,'ENV-1340',''),(161,'License, Theming',NULL,NULL,1563926400000,1564185599999,NULL,156,3,1563761046483,NULL,0,'ENV-1341',''),(162,'Download scripts',1563926400000,1564099199999,NULL,NULL,1.00,156,3,1564116310789,4,0,'',''),(163,'Data operators AC_smth',1564099200000,1564617599999,1564099200000,1564185599999,0.60,156,3,1564558559085,9,0,'ENV-1354',''),(164,'DataGrid auto separator',1563926400000,1564617599999,1563926400000,1564099199999,0.60,156,3,1564558869488,11,0,'ENV-1342',''),(165,'Bundle modules.min.js',1564099200000,1564185599999,1564099200000,1564185599999,1.00,156,3,1564113949207,9,0,'ENV-1344',''),(166,'Qlik',NULL,NULL,NULL,NULL,NULL,NULL,4,1563938279434,NULL,0,'',''),(167,'AnyChart',NULL,NULL,NULL,NULL,NULL,NULL,4,1563938293993,NULL,0,'',''),(168,'Support',NULL,NULL,NULL,NULL,NULL,NULL,4,1563938302553,NULL,0,'',''),(169,'Environment',NULL,NULL,NULL,NULL,NULL,NULL,4,1563938312616,NULL,0,'',''),(170,'Bug. Gauge. Ticks issue',NULL,NULL,NULL,NULL,1.00,168,4,1565684508660,3,0,'DVF-4289',''),(171,'Bug. Gauge. Scalebar from 0',NULL,NULL,NULL,NULL,1.00,168,4,1565684547175,8,0,'DVF-4290',''),(172,'Bug. Gauge. Ticks miss',NULL,NULL,NULL,NULL,1.00,168,4,1565684601837,11,0,'DVF-4291',''),(173,'Bug. Gauge. Ticks calc',NULL,NULL,NULL,NULL,NULL,168,4,1566547432620,3,0,'DVF-4292',''),(174,'Release Gantt 4.0',NULL,NULL,NULL,NULL,NULL,166,4,1563938479711,NULL,0,'',''),(175,'RC 8.7.0 fixes',NULL,NULL,1564531200000,1564617599999,NULL,109,3,1564558256418,NULL,0,'DVF-4308',''),(176,'Stage A',NULL,NULL,NULL,NULL,NULL,166,4,1565659209976,NULL,0,'',''),(177,'Multi-select Coloring',1566864000000,1567209599999,1565654400000,1566345599999,1.00,176,4,1567157006320,3,0,'ENV-1351','1'),(178,'Labels Settings (like tooltips)',1565308800000,1566604799999,1565308800000,1565827199999,1.00,176,4,1567155435394,9,0,'ENV-1348','1'),(179,'Labels/Tooltips Background settings',1566172800000,1567209599999,1565568000000,1565654399999,0.60,176,4,1567155363732,9,0,'ENV-1357','4'),(180,'Global? Font settings',1566777600000,1567295999999,1565568000000,1565654399999,0.30,176,4,1567155276082,10,0,'ENV-1358','4'),(181,'DataGrid resize columns',1565740800000,1567036799999,NULL,NULL,1.00,176,4,1567155262783,11,0,'ENV-1342','4'),(182,'Custom numbers (zero column)',NULL,NULL,1565568000000,1565654399999,1.00,176,4,1568602553354,11,0,'ENV-1356','3'),(183,'Dimension Progress bar',NULL,NULL,1565568000000,1565654399999,NULL,176,4,1568602598280,3,0,'ENV-1370','5'),(184,'Map As (Role as)',1566777600000,1566950399999,1565568000000,1565654399999,1.00,176,4,1566890379800,11,0,'ENV-1352','5'),(185,'License',NULL,NULL,1565568000000,1565654399999,NULL,176,4,1565683298733,NULL,0,'','7'),(186,'Baseline / Actual progress labels',NULL,NULL,1565568000000,1565654399999,NULL,176,4,1565683326432,NULL,0,'','6'),(187,'Custom Themes',NULL,NULL,1565568000000,1565654399999,NULL,176,4,1565683425479,NULL,0,'','7'),(188,'Tooltips/Labels defaults',NULL,NULL,1565568000000,1565654399999,NULL,176,4,1565734383438,7,0,'ENV-1355','4'),(189,'Locales (check)',1564617600000,1566863999999,1564617600000,1565999999999,1.00,176,4,1567155230937,11,0,'ENV-1338','5'),(190,'Soft Min/Max',NULL,NULL,NULL,NULL,1.00,176,4,1566538041748,7,1,'ENV-1353','4'),(191,'Initial range (zoom)',1566518400000,1567036799999,NULL,NULL,1.00,176,4,1567155244176,9,0,'ENV-1337','4'),(192,'Right panel managements',1566864000000,1567123199999,1565654400000,1566345599999,1.00,176,4,1567155211455,1,0,'ENV-1354','6'),(193,'Browser support',1566259200000,1566431999999,NULL,NULL,1.00,176,4,1567055357442,4,0,'ENV-1359','4'),(194,'Printing (all exts problem)',1566518400000,1566863999999,NULL,NULL,0.90,176,4,1566792283771,8,0,'ENV-1361','7'),(195,'Data preprocess optimizations',NULL,NULL,NULL,NULL,NULL,176,4,1565683586863,NULL,0,'','9'),(196,'Check Fiscal Year',NULL,NULL,NULL,NULL,NULL,176,4,1565753526437,NULL,1,'','5'),(197,'Support',NULL,NULL,NULL,NULL,NULL,NULL,5,1567654986886,NULL,0,'',''),(198,'AnyChart',NULL,NULL,NULL,NULL,NULL,NULL,5,1567654986886,NULL,0,'',''),(199,'Environment',NULL,NULL,NULL,NULL,NULL,NULL,5,1567654986886,NULL,0,'',''),(200,'Qlik',NULL,NULL,NULL,NULL,NULL,NULL,5,1567654986886,NULL,0,'',''),(201,'Locale Improvements',1568592000000,NULL,NULL,NULL,1.00,200,5,1569916434817,11,0,'ENV-1376',''),(202,'Font Settings improvements',1568592000000,NULL,NULL,NULL,1.00,200,5,1569916439543,10,0,'ENV-1377',''),(203,'Excluding Dropdown Component',NULL,NULL,NULL,NULL,1.00,200,5,1569916483310,9,0,'ENV-1378',''),(204,'Color Improvements',NULL,NULL,NULL,NULL,1.00,200,5,1569916444063,11,0,'ENV-1379',''),(205,'Custom Numbering',1567382400000,1568851199999,NULL,NULL,1.00,200,5,1569916448075,11,0,'ENV-1356',''),(206,'File Upload Proof',1567555200000,1569023999999,NULL,NULL,1.00,200,5,1569916550408,11,0,'ENV-1364',''),(207,'Themes Upload',1567987200000,1568937599999,NULL,NULL,1.00,200,5,1569916554832,11,0,'ENV-1371',''),(208,'Full test app',1567641600000,1569023999999,NULL,NULL,0.60,200,5,1568622772511,8,0,'ENV-1366',''),(209,'New repo (webpack)',1567382400000,1569283199999,NULL,NULL,1.00,200,5,1569916460842,9,0,'ENV-1369',''),(210,'Dim Aggr Settings',1567987200000,1569023999999,NULL,NULL,1.00,200,5,1569916465598,3,0,'ENV-1370',''),(211,'Define Rework',1569196800000,1569455999999,NULL,NULL,1.00,200,5,1569916470302,3,0,'ENV-1375',''),(212,'Label positions',1568592000000,NULL,NULL,NULL,NULL,200,5,1568624385462,4,0,'ENV-1382',''),(213,'utils.execShell',1568678400000,1568764799999,1568678400000,1568764799999,1.00,200,5,1568703865451,4,0,'ENV-1380',''),(214,'Fast license builder',NULL,NULL,1568764800000,1568851199999,NULL,200,5,1568623688372,4,0,'ENV-1381',''),(215,'Grid settings',NULL,NULL,NULL,NULL,1.00,200,5,1569916529637,10,0,'ENV-1384',''),(216,'RFCTR',NULL,NULL,NULL,NULL,NULL,200,5,1568879208447,NULL,0,'',''),(217,'ES Lint',NULL,NULL,NULL,NULL,1.00,216,5,1569916542784,NULL,0,'ENV-1385',''),(218,'Build Deploy scripts',NULL,NULL,NULL,NULL,NULL,216,5,1568879570637,NULL,0,'ENV-1386',''),(219,'Qlik',NULL,NULL,NULL,NULL,NULL,NULL,6,1569904329869,NULL,0,'',''),(220,'AnyChart',NULL,NULL,NULL,NULL,NULL,NULL,6,1569904329869,NULL,0,'',''),(221,'Support',NULL,NULL,NULL,NULL,NULL,NULL,6,1569904329869,NULL,0,'',''),(222,'Bug report (label issues)',1570406400000,1570492799999,1570406400000,1570665599999,1.00,219,6,1570605584899,9,0,'ENV-1383',''),(223,'Toolbar hide on snapshot',1570579200000,1571183999999,1570579200000,1571183999999,1.00,219,6,1571121919185,3,0,'ENV-1391',''),(224,'Toolbar localization',1570752000000,1571097599999,1570752000000,1571097599999,1.00,220,6,1571127494326,11,0,'DVF-4337',''),(225,'Toolbar expand/collapse icons',1570665600000,1570838399999,1570665600000,1570751999999,1.00,220,6,1570777763265,11,0,'DVF-4336',''),(226,'Master item bug',1570492800000,1570665599999,NULL,NULL,1.00,219,6,1570593432807,3,0,'ENV-1393',''),(227,'Dimension color issue',1570492800000,1570665599999,1570406400000,1570665599999,1.00,219,6,1570605900366,11,0,'ENV-1392',''),(228,'Labels position',1570492800000,1570838399999,1570492800000,1570838399999,1.00,219,6,1570698496852,11,0,'ENV-1382',''),(229,'Indent Data in Resource gantt',1570406400000,1570579199999,1570406400000,1570579199999,1.00,219,6,1570607344885,3,0,'ENV-1375',''),(230,'Themes',NULL,NULL,NULL,NULL,NULL,219,6,1569915897248,NULL,0,'ENV-1371',''),(231,'Default settings',1570579200000,1570665599999,1570579200000,1570665599999,1.00,219,6,1570698507331,9,0,'ENV-1355',''),(232,'Connectors PoC implemetation',1571097600000,1571356799999,NULL,NULL,1.00,219,6,1571800557834,4,0,'ENV-1396','1'),(233,'Research: Zoom levels (competitors)',1570752000000,1572566399999,1570752000000,1571270399999,1.00,219,6,1572595101262,2,0,'ENV-1363','9'),(234,'About improvements',1570492800000,1570665599999,1570492800000,1570665599999,1.00,219,6,1570681470961,10,0,'ENV-1395','3'),(235,'Download server (separate v3)',1569974400000,1570060799999,1569974400000,1570060799999,1.00,219,6,1570777798064,4,0,'ENV-1394','3'),(236,'Qlik-3.4 No data issue',NULL,NULL,NULL,NULL,NULL,221,6,1571636794264,NULL,1,'ENV-1372',''),(237,'No data issue',1570492800000,1570579199999,NULL,NULL,1.00,219,6,1570605779829,11,0,'ENV-1398',''),(238,'IE 11 issue',1570406400000,1570492799999,1570147200000,1570665599999,1.00,219,6,1570605798617,11,0,'ENV-1400',''),(239,'Excluding DropDown issue',1570147200000,1570579199999,1570147200000,1570579199999,1.00,219,6,1570608581724,3,0,'ENV-1401',''),(240,'HC & Dim Cond Calculation',1570752000000,1571183999999,1570752000000,1571183999999,1.00,219,6,1571127481430,9,0,'ENV-1402','1'),(241,'Definition Panel Reload',1570492800000,1570665599999,NULL,NULL,1.00,219,6,1570593503229,9,0,'ENV-1403',''),(242,'Bug: chart repaint',1571097600000,1571443199999,1570665600000,1570838399999,1.00,219,6,1572595083031,9,0,'ENV-1405',''),(243,'Collapsed by defaults',NULL,NULL,1571097600000,1571183999999,1.00,219,6,1571202411893,9,0,'ENV-1407',''),(244,'Scale min/max/zoom',1570752000000,1571183999999,1570752000000,1571097599999,1.00,219,6,1571111757297,10,0,'ENV-1408','1'),(245,'License (trial / purchase)',1571184000000,1571961599999,1571184000000,NULL,1.00,219,6,1571885634632,3,0,'ENV-1411',''),(246,'SetAnalysis (qFallbackTitle)',1571097600000,1571356799999,1571097600000,1571183999999,1.00,219,6,1571631385216,11,0,'ENV-1409',''),(247,'TRUE expand/coolapse (over data)',NULL,NULL,NULL,NULL,NULL,219,6,1571111080466,NULL,0,'ENV-1410',''),(248,'License Server gantt-4',1571097600000,1571270399999,1571097600000,1571270399999,1.00,219,6,1571631421301,1,0,'ENV-1397',''),(249,'Layout Refactoring',1571184000000,1571961599999,1571184000000,1571443199999,1.00,219,6,1571885652298,9,0,'ENV-1413',''),(250,'Tooltip inline issue',NULL,NULL,NULL,NULL,1.00,219,6,1571734424783,11,0,'ENV-1414',''),(251,'Include zero values',1571788800000,1571961599999,1571788800000,1571875199999,1.00,219,6,1572228541430,11,0,'ENV-1420',''),(252,'Broken Convert To',1571875200000,1571961599999,1571788800000,1571875199999,1.00,219,6,1571885694166,NULL,0,'ENV-1421',''),(253,'AnyChart',NULL,NULL,NULL,NULL,NULL,NULL,7,1571888374711,NULL,0,'',''),(254,'Qlik',NULL,NULL,NULL,NULL,NULL,NULL,7,1571888374711,NULL,0,'',''),(255,'Support',NULL,NULL,NULL,NULL,NULL,NULL,7,1571888374711,NULL,0,'',''),(256,'Do/Undo Actions rework',NULL,NULL,NULL,NULL,NULL,254,7,1573101374570,NULL,1,'ENV-1423',''),(257,'Labels auto anchors (30-35h)',NULL,NULL,NULL,NULL,NULL,253,7,1573634898060,NULL,0,'DVF-4343','?'),(258,'Toolbar API improvements',NULL,NULL,NULL,NULL,0.50,253,7,1574128534165,10,0,'DVF-4248','9'),(259,'Gantt: Pseudo grouping task',1572566400000,1573257599999,NULL,NULL,1.00,253,7,1573098912555,3,0,'DVF-4338',''),(260,'Legend hover cursor',NULL,NULL,1572998400000,1573171199999,1.00,253,7,1574670447454,9,0,'DVF-4319',''),(261,'DateTime scale ignores min/max',NULL,NULL,1573430400000,1573516799999,NULL,253,7,1574392176394,NULL,1,'DVF-4329',''),(262,'[Persistent] Tappable area',NULL,NULL,1573430400000,1573516799999,1.00,255,7,1574670426926,3,0,'DVF-4327',''),(263,'[Persistent] Network chart on mobile',NULL,NULL,1573430400000,1573516799999,1.00,255,7,1574670433277,9,0,'DVF-4322',''),(264,'Restore Stock grid plot layout (40+h)',1574899200000,1574985599999,NULL,NULL,1.00,255,7,1574998157534,3,0,'DVF-4331',''),(265,'Вынос anychart-bundle',NULL,NULL,NULL,NULL,1.00,254,7,1574406982013,3,0,'ENV-1424',''),(266,'Do/Undo actions rework (performance)',NULL,NULL,NULL,NULL,NULL,254,7,1573101369754,9,0,'ENV-1423','?'),(267,'Expand/Collapse',1572566400000,1573171199999,1572566400000,1573084799999,1.00,254,7,1574128499718,3,0,'ENV-1410',''),(268,'Tank Gauge scaffold',NULL,NULL,NULL,NULL,0.50,254,7,1574128507317,NULL,0,'ENV-1417',''),(269,'Stock Chart scaffold',NULL,NULL,NULL,NULL,NULL,254,7,1574402856025,NULL,0,'QLIK-4',''),(270,'Data Paginator',1572480000000,1573171199999,NULL,NULL,0.90,254,7,1573100443229,10,0,'ENV-1415',''),(271,'Labels allow auto anchor',NULL,NULL,NULL,NULL,NULL,254,7,1573101231734,NULL,0,'ENV-1437','?'),(272,'Labels useHtml',NULL,NULL,NULL,NULL,NULL,254,7,1573101988616,NULL,0,'ENV-1438','X'),(273,'prefix \'anychart\'',1573430400000,NULL,1573430400000,1573775999999,1.00,254,7,1575262766640,1,0,'ENV-1439',''),(274,'[Logility] Legend items aligment',NULL,NULL,1573603200000,1573862399999,1.00,255,7,1574670439538,3,0,'DVF-4340',''),(275,'phase 1',1572393600000,1572998399999,NULL,NULL,1.00,258,7,1573634909712,10,0,'',''),(276,'phase 2',NULL,NULL,1574812800000,1575071999999,NULL,258,7,1573098869544,NULL,1,'',''),(277,'phase 2',NULL,NULL,1574812800000,1575071999999,NULL,258,7,1573119215966,10,0,'','9'),(278,'Dimension limitations (0.5-1h)',1574121600000,1574207999999,1574121600000,1574207999999,1.00,254,7,1574669556056,9,0,'ENV-1440','?'),(279,'Dimension limitations v3.5 (2-5h)',NULL,NULL,NULL,NULL,NULL,254,7,1573102437196,NULL,0,'ENV-1436','?'),(280,'Labels auto white color (35-40h)',NULL,NULL,NULL,NULL,NULL,253,7,1573101252066,NULL,0,'DVF-4346','?'),(281,'phase 1 ',1572220800000,1572393599999,NULL,NULL,1.00,268,7,1573101500243,11,0,'',''),(282,'reject rework',NULL,NULL,1573430400000,1573516799999,NULL,268,7,1574668981953,2,0,'',''),(283,'Connector issue (paging, collapse)',NULL,NULL,NULL,NULL,NULL,254,7,1574669527957,NULL,0,'QLIK-11',''),(284,'License Expired rework ',NULL,NULL,NULL,NULL,0.90,254,7,1575009664647,2,0,'QLIK-7',''),(285,'Dimension column labels',1573862400000,1574035199999,NULL,NULL,1.00,254,7,1574127617945,1,0,'ENV-1447','1'),(286,'Tooltip for Resource periods',1574380800000,NULL,1574380800000,1574812799999,1.00,254,7,1575009655757,10,0,'ENV-1454',''),(287,'Tooltip for Resource periods',1574380800000,NULL,1574380800000,1574812799999,NULL,254,7,1574397467036,10,1,'ENV-1454',''),(288,'Переделать шапку window.anychart',1574208000000,1574899199999,1574208000000,1575071999999,0.30,253,7,1574670341641,9,0,'DVF-4348',''),(289,'Disable connector settings',NULL,NULL,NULL,NULL,NULL,254,7,1574670574613,NULL,0,'QLIK-25',''),(290,'Select marquee vs selection mode',NULL,NULL,NULL,NULL,1.00,255,7,1575357824103,9,0,'DVF-4341',''),(291,'Support',NULL,NULL,NULL,NULL,NULL,NULL,8,1575357419931,NULL,0,'',''),(292,'AnyChart',NULL,NULL,NULL,NULL,NULL,NULL,8,1575357419931,NULL,0,'',''),(293,'Environment',NULL,NULL,NULL,NULL,NULL,NULL,8,1575357419931,NULL,0,'',''),(294,'Qlik',NULL,NULL,NULL,NULL,NULL,NULL,8,1575357419931,NULL,0,'',''),(295,'Gantt ticks limit',NULL,NULL,NULL,NULL,1.00,292,8,1576054424832,9,0,'DVF-4357',''),(296,'Gantt Milestone-preview Tooltip',1575244800000,1575503999999,1575244800000,1575503999999,1.00,292,8,1576054431295,3,0,'DVF-4356',''),(297,'Milestones-preview Issues',NULL,NULL,1575504000000,1575676799999,NULL,294,8,1575357613606,3,0,'QLIK-28',''),(298,'RC 8.7.1 testing',NULL,NULL,NULL,NULL,NULL,292,8,1575357852392,NULL,0,'',''),(299,'Release Script',NULL,NULL,NULL,NULL,NULL,294,8,1575357876546,NULL,0,'QLIK-31',''),(300,'RC 4.0.240 testing',NULL,NULL,NULL,NULL,NULL,294,8,1575359631585,NULL,0,'',''),(301,'Security Error (Merck)',1575244800000,1575503999999,1575244800000,1575503999999,1.00,291,8,1576054438671,1,0,'QLIK-27',''),(302,'Demos/Example generator',NULL,NULL,NULL,NULL,0.90,294,8,1575960253078,1,0,'QLIK-22',''),(303,'Пустой график без данных',NULL,NULL,NULL,NULL,1.00,294,8,1576054464810,10,0,'QLIK-20',''),(304,'Server: выбор версии для скачивания',NULL,NULL,NULL,NULL,NULL,294,8,1575360185086,NULL,0,'QLIK-23',''),(305,'Import/Export Properties',NULL,NULL,NULL,NULL,NULL,294,8,1575360225446,1,0,'QLIK-24',''),(306,'Qlik-QA',NULL,NULL,NULL,NULL,NULL,293,8,1575360371741,NULL,0,'',''),(307,'DB',NULL,NULL,NULL,NULL,NULL,306,8,1575360477118,NULL,0,'QLIK-15',''),(308,'Web interface',NULL,NULL,NULL,NULL,NULL,306,8,1575360486256,NULL,0,'QLIK-14',''),(309,'Refactoring',NULL,NULL,NULL,NULL,NULL,306,8,1575360513250,NULL,0,'ENV-1431',''),(310,'compare branch',NULL,NULL,NULL,NULL,NULL,306,8,1575360496453,NULL,0,'QLIK-16',''),(311,'Tableau',NULL,NULL,NULL,NULL,NULL,NULL,8,1576054561159,NULL,0,'',''),(312,'Power BI',NULL,NULL,NULL,NULL,NULL,NULL,8,1576054573199,NULL,0,'',''),(313,'Research Extensions',1576108800000,1576540799999,NULL,NULL,NULL,312,8,1576486043199,3,1,'',''),(314,'Research Extensions',1576108800000,1576540799999,NULL,NULL,NULL,312,8,1576055836880,3,0,'ENV-1459',''),(315,'Servers',NULL,NULL,NULL,NULL,NULL,293,8,1576226243316,NULL,0,'',''),(316,'Demo-demo',NULL,NULL,NULL,NULL,NULL,315,8,1576226294339,NULL,0,'ENV-1461',''),(317,'1.33 Update Nov Patch 1',NULL,NULL,NULL,NULL,NULL,315,8,1576226594028,NULL,0,'ENV-1458',''),(318,'Варианты идентификации',NULL,NULL,NULL,NULL,NULL,311,8,1576466743215,NULL,0,'ENV-1463',''),(319,'Порядок на static.anychart.com',NULL,NULL,NULL,NULL,NULL,315,8,1576464525107,NULL,0,'ENV-1462',''),(320,'Research Decomposition Tree Chart',NULL,NULL,NULL,NULL,NULL,292,8,1576465446239,NULL,0,'DVF-4362',''),(321,'Decomposition Tree Chart',NULL,NULL,NULL,NULL,NULL,294,8,1576465563032,NULL,0,'QLIK-38',''),(322,'Gantt Project/Resource ASAP',NULL,NULL,NULL,NULL,NULL,311,8,1576742655106,NULL,0,'ENV-1464',''),(323,'AWS 5 servers',NULL,NULL,NULL,NULL,NULL,315,8,1576486065250,NULL,0,'ENV-1465',''),(324,'Gantt Project/Resource ASAP',NULL,NULL,NULL,NULL,NULL,312,8,1576742663286,NULL,0,'ENV-1468',''),(325,'Qlik',NULL,NULL,NULL,NULL,NULL,NULL,9,1578545680098,NULL,0,'',''),(326,'AnyChart',NULL,NULL,NULL,NULL,NULL,NULL,9,1578545680098,NULL,0,'',''),(327,'Tableau',NULL,NULL,NULL,NULL,NULL,NULL,9,1578545680098,NULL,0,'',''),(328,'Support',NULL,NULL,NULL,NULL,NULL,NULL,9,1578545680098,NULL,0,'',''),(329,'Environment',NULL,NULL,NULL,NULL,NULL,NULL,9,1578545680098,NULL,0,'',''),(330,'Power BI',NULL,NULL,NULL,NULL,NULL,NULL,9,1579144405126,NULL,0,'',''),(331,'Connectors type',1578528000000,1578614399999,1578528000000,1578700799999,1.00,364,9,1580368691561,2,0,'QLIK-36',''),(332,'Timeline Chart',1578614400000,1581724799999,1578873600000,1579910399999,0.30,325,9,1581403565376,2,0,'QLIK-37',''),(333,'Clients qlik version',1580169600000,1580428799999,NULL,NULL,1.00,364,9,1580969722568,1,0,'QLIK-35',''),(334,'4.0.241 mini release',1580947200000,1581379199999,NULL,NULL,1.00,364,9,1581405846609,1,0,'QLIK-52',''),(335,'Gantt Chart (POC)',1579046400000,1580515199999,1579046400000,1580342399999,0.30,330,9,1580290927129,10,0,'ENV-1468',''),(336,'Users Identity',1578528000000,1578700799999,NULL,NULL,1.00,327,9,1579077799105,9,0,'ENV-1463',''),(337,'Gantt Chart (POC)',1578960000000,1580255999999,1578960000000,1579910399999,0.60,327,9,1580203015062,9,0,'ENV-1464',''),(338,'Grouping task issues',1578614400000,1579046399999,1578614400000,1579046399999,1.00,364,9,1580368663225,13,0,'QLIK-45',''),(339,'Hierarchy fill issue',1579132800000,1579219199999,NULL,NULL,1.00,364,9,1580368647369,14,0,'QLIK-46',''),(340,'Zero-thickness issue',1578528000000,1579823999999,1578614400000,1579132799999,1.00,364,9,1580368639059,14,0,'QLIK-47',''),(341,'Dimension bars enable/disable',1579046400000,1579737599999,1579046400000,1579737599999,1.00,364,9,1580368634703,13,0,'QLIK-57',''),(342,'Label corners artfact',1578960000000,1579737599999,1578960000000,1579737599999,1.00,364,9,1580368626667,13,0,'QLIK-54',''),(343,'Definition panel UX impr',1578528000000,1580515199999,NULL,NULL,1.00,364,9,1580368616311,10,0,'QLIK-44',''),(344,'Interactivity section',1579132800000,1579564799999,1579132800000,1579305599999,1.00,364,9,1580368609671,14,0,'QLIK-60',''),(345,'Milestones Preview rework',1579219200000,1580428799999,1579219200000,1579910399999,0.80,365,9,1580368600604,13,0,'QLIK-28',''),(346,'Coloring/palettes',1579737600000,1580255999999,1579737600000,1580255999999,0.80,365,9,1580368593020,14,0,'QLIK-62',''),(347,'Gantt: работа с календарем',1580169600000,1581119999999,1580083200000,1581119999999,0.60,326,9,1580721224854,3,0,'DVF-4370',''),(348,'AnyChart',NULL,NULL,NULL,NULL,NULL,NULL,10,1579505440832,NULL,0,'',''),(349,'Qlik',NULL,NULL,NULL,NULL,NULL,NULL,10,1579505440832,NULL,0,'',''),(350,'Environment',NULL,NULL,NULL,NULL,NULL,NULL,10,1579505440832,NULL,0,'',''),(351,'Power BI',NULL,NULL,NULL,NULL,NULL,NULL,10,1579505440832,NULL,0,'',''),(352,'Tableau',NULL,NULL,NULL,NULL,NULL,NULL,10,1579505440832,NULL,0,'',''),(353,'Support',NULL,NULL,NULL,NULL,NULL,NULL,10,1579505440832,NULL,0,'',''),(354,'Gantt: overlap labels',NULL,NULL,1580083200000,1580860799999,NULL,348,10,1579505527331,10,0,'DVF-4359',''),(355,'Baseline mapping issue',1579737600000,1579910399999,1579737600000,1579910399999,1.00,328,9,1580358574835,13,0,'QLIK-33',''),(356,'Tooltip font-family',1579737600000,1579823999999,1579737600000,1579823999999,1.00,328,9,1579752725909,13,0,'QLIK-67',''),(357,'Custom CSS (accordion)',NULL,NULL,1580169600000,1580515199999,NULL,365,9,1580965187357,13,0,'QLIK-66',''),(358,'Timeline issues',1579564800000,1580515199999,NULL,NULL,0.80,326,9,1580290998731,10,0,'DVF-4372',''),(359,'Gantt labels overlap',1578268800000,1580774399999,NULL,NULL,0.80,326,9,1580971289929,10,0,'DVF-4359',''),(360,'Events issue',1580169600000,1580255999999,NULL,NULL,1.00,328,9,1580205205528,3,0,'DVF-4252',''),(361,'Corner-radius issue',1580774400000,1580947199999,1580342400000,1580428799999,1.00,326,9,1580971233341,9,0,'DVF-4371',''),(362,'Toolbar font-size',NULL,NULL,1580342400000,1580428799999,NULL,326,9,1580350488493,9,0,'DVF-4375',''),(363,'Gantt: Zoom by scroll',1580342400000,1580515199999,1580342400000,1580515199999,0.90,326,9,1582018461426,9,0,'DVF-4376',''),(364,'4.0.241',NULL,NULL,NULL,NULL,NULL,325,9,1580368324972,NULL,0,'',''),(365,'4.1.242',NULL,NULL,NULL,NULL,NULL,325,9,1580368335243,NULL,0,'',''),(366,'Version History',1580342400000,1580428799999,NULL,NULL,1.00,364,9,1580971491335,4,0,'QLIK-80',''),(367,'Version History',NULL,NULL,NULL,NULL,NULL,365,9,1580376338879,4,0,'QLIK-81',''),(368,'Convertation Failure',1580428800000,1580860799999,1580428800000,1580515199999,1.00,364,9,1580965168679,13,0,'QLIK-76',''),(369,'Support',NULL,NULL,NULL,NULL,NULL,NULL,11,1583902208046,NULL,1,'',''),(370,'AnyChart',NULL,NULL,NULL,NULL,NULL,NULL,11,1580467859090,NULL,0,'',''),(371,'Power BI',NULL,NULL,NULL,NULL,NULL,NULL,11,1583902202616,NULL,1,'',''),(372,'Qlik',NULL,NULL,NULL,NULL,NULL,NULL,11,1580467859090,NULL,0,'',''),(373,'Tableau',NULL,NULL,NULL,NULL,NULL,NULL,11,1583902198595,NULL,1,'',''),(374,'test',NULL,NULL,NULL,NULL,NULL,NULL,11,1580980049993,NULL,1,'',''),(375,'Gantt Chart POC',1580688000000,1582934399999,NULL,NULL,0.60,351,10,1582260890094,10,0,'ENV-1468',''),(376,'Gantt Chart POC',NULL,NULL,NULL,NULL,NULL,352,10,1581408306206,NULL,0,'',''),(377,'design',1581292800000,1582847999999,1581292800000,1581551999999,1.00,376,10,1582794052737,2,0,'ENV-1464',''),(378,'Gantt Calendar',1580688000000,1582329599999,1580688000000,1581724799999,0.70,348,10,1582192060792,3,0,'DVF-4370',''),(379,'TImeline issues',1580688000000,1584057599999,1580688000000,1581119999999,0.90,348,10,1583834353187,10,0,'DVF-4377',''),(380,'Timeline Chart',1579564800000,1583539199999,1579564800000,1581379199999,0.90,349,10,1582793965751,2,0,'QLIK-37',''),(381,'4.0.241',1581465600000,1581724799999,NULL,NULL,1.00,349,10,1582012209252,1,0,'QLIK-52',''),(382,'4.1.242',NULL,NULL,NULL,NULL,NULL,349,10,1581408976105,NULL,0,'',''),(383,'Milestones Preview rework',1581724800000,1582243199999,1581724800000,1582243199999,1.00,382,10,1582182073262,13,0,'QLIK-28',''),(384,'Coloring/palettes',1580515200000,1582329599999,NULL,NULL,1.00,382,10,1582530937180,14,0,'QLIK-62',''),(385,'Version history',NULL,NULL,NULL,NULL,NULL,382,10,1581409184694,4,0,'QLIK-81',''),(386,'Custom CSS',1581724800000,1581983999999,1581724800000,1581983999999,1.00,382,10,1582181981395,13,0,'QLIK-66',''),(387,'Servers-conf settings',NULL,NULL,1582502400000,1582675199999,NULL,352,10,1582013089821,4,0,'',''),(388,'Servers',NULL,NULL,NULL,NULL,NULL,NULL,10,1582013149240,NULL,0,'',''),(389,'Навести порядок CDN',1582243200000,1582761599999,NULL,NULL,NULL,388,10,1582604205910,4,0,'ENV-1462',''),(390,'Download server',NULL,NULL,NULL,NULL,NULL,352,10,1582013210322,4,0,'',''),(391,'License server',NULL,NULL,NULL,NULL,NULL,352,10,1582013240577,1,0,'',''),(392,'Deploy scripts',NULL,NULL,NULL,NULL,NULL,352,10,1582016661983,9,0,'ENV-1474',''),(393,'Text Shadow',1582675200000,1582934399999,NULL,NULL,0.90,348,10,1582884626108,9,0,'DVF-4386',''),(394,'Labels text limitation',NULL,NULL,NULL,NULL,NULL,348,10,1582016778912,9,0,'DVF-4373',''),(395,'License server. Proof ext',NULL,NULL,NULL,NULL,NULL,388,10,1582016866497,1,0,'QLIK-94',''),(396,'Gantt Live edit issue',NULL,NULL,NULL,NULL,NULL,353,10,1582016944774,3,0,'DVF-4358',''),(397,'fetchData Impr',1582070400000,1582243199999,1582070400000,1582243199999,1.00,382,10,1582181867374,13,0,'QLIK-98',''),(398,'Multi-page printing',NULL,NULL,NULL,NULL,NULL,382,10,1582017117721,13,0,'QLIK-87',''),(399,'Client-side CSV',NULL,NULL,NULL,NULL,NULL,353,10,1582017612197,10,0,'DVF-4383',''),(400,'Crosshair rangeMarker issue',NULL,NULL,NULL,NULL,NULL,353,10,1582017640002,10,0,'DVF-4382',''),(401,'coding',1580688000000,1582934399999,NULL,NULL,0.80,376,10,1582884648564,9,0,'ENV-1464',''),(402,'Toolbar icon size',1582502400000,1582675199999,1582502400000,1582675199999,1.00,382,10,1582684044155,14,0,'QLIK-64',''),(403,'Gantt: padding over data',1582588800000,1582675199999,1582588800000,1582675199999,0.80,348,10,1582689878727,9,0,'DVF-4388',''),(404,'Novartis. Print paper size',1582675200000,1583366399999,1582675200000,1582761599999,1.00,382,10,1583300322596,14,0,'QLIK-101',''),(405,'Qlik',NULL,NULL,NULL,NULL,NULL,NULL,11,1583902187917,NULL,1,'',''),(406,'ACDVF',NULL,NULL,NULL,NULL,NULL,NULL,11,1583902193466,NULL,1,'',''),(407,'April Release',NULL,NULL,NULL,NULL,NULL,372,11,1585624667796,NULL,0,'',''),(408,'May? Release',NULL,NULL,NULL,NULL,NULL,372,11,1585624656941,NULL,0,'',''),(409,'v3.5',NULL,NULL,NULL,NULL,NULL,372,11,1583902180074,NULL,0,'',''),(410,'v3.6',NULL,NULL,NULL,NULL,NULL,372,11,1583902182995,NULL,0,'',''),(411,'Zoom by scroll (option)',1584316800000,1584403199999,1584316800000,1584403199999,1.00,407,11,1584932560546,14,0,'QLIK-65','2'),(412,'Themes support',NULL,NULL,NULL,NULL,NULL,408,11,1583904995701,3,0,'QLIK-88','3'),(413,'Text Shadow',1583107200000,1585267199999,NULL,NULL,1.00,370,11,1585717640448,9,0,'DVF-4386',''),(414,'Text Shadow',1585180800000,1585267199999,NULL,NULL,0.70,407,11,1585624764831,9,0,'QLIK-99',''),(415,'GroupingTask baseline issue',1584316800000,1584403199999,1584316800000,1584403199999,1.00,407,11,1584339877471,14,0,'QLIK-118','5'),(416,'Corners',1583712000000,1584143999999,1583712000000,1584143999999,1.00,407,11,1584939680457,13,0,'QLIK-59',''),(417,'Milestones preview',1584057600000,1584403199999,1584057600000,1584403199999,1.00,407,11,1586142757108,13,0,'QLIK-54',''),(418,'MultiPage printing',1584316800000,1584575999999,1584316800000,1584575999999,1.00,407,11,1586142760311,13,0,'QLIK-87',''),(419,'Templates UX',1584316800000,1585180799999,1584316800000,1585180799999,0.50,408,11,1586142822239,13,0,'QLIK-103','2'),(420,'Timeline Chart',1583020800000,1586563199999,NULL,NULL,1.00,407,11,1587454623564,2,0,'QLIK-37','1'),(421,'Environment',NULL,NULL,NULL,NULL,NULL,NULL,11,1583917997261,NULL,0,'',''),(422,'Qlik Templates backend',NULL,NULL,NULL,NULL,1.00,421,11,1586337909176,1,0,'ENV-1479','1'),(423,'Predecessor to successor',1585094400000,1585612799999,1585094400000,1585612799999,0.80,407,11,1585716171021,9,0,'QLIK-121','1'),(424,'Templates UX',NULL,NULL,NULL,NULL,NULL,410,11,1584945115283,8,0,'QLIK-111','2'),(425,'Charts release',1583107200000,1584057599999,1583107200000,1584057599999,1.00,409,11,1584939750941,8,0,'QLIK-112',''),(426,'Stock release',1584316800000,1584575999999,1584316800000,1584748799999,1.00,409,11,1584524124723,8,0,'QLIK-114','1'),(427,'Gantt: Start/End Marker',1584316800000,1584489599999,1584316800000,1584489599999,0.80,370,11,1585205956204,3,0,'DVF-4397','1'),(428,'Start/End Marker',1584316800000,1585267199999,1584316800000,1584748799999,1.00,407,11,1587438232044,10,0,'QLIK-122',''),(429,'License',NULL,NULL,1584316800000,1584575999999,1.00,407,11,1586337931627,1,0,'QLIK-125',''),(430,'Fiscal Year',1584662400000,1585007999999,1584662400000,1584748799999,0.80,407,11,1584937554795,3,0,'QLIK-130','1'),(431,'Cloud version',1584662400000,1585007999999,1584662400000,1584748799999,1.00,409,11,1584947418453,8,0,'QLIK-113',''),(432,'Disable DataGrid',1584921600000,1585267199999,NULL,NULL,1.00,407,11,1585100951400,10,0,'QLIK-134',''),(433,'Gantt: DataGrid disable',1585008000000,1585094399999,NULL,NULL,1.00,370,11,1585618998077,10,0,'DVF-4401',''),(434,'New Licenses',1585008000000,1585267199999,NULL,NULL,1.00,409,11,1585197823105,8,0,'QLIK-137',''),(435,'Gantt: groupingTask fallback',1585180800000,1585353599999,1585180800000,1585353599999,1.00,370,11,1587438206387,10,0,'DVF-4404',''),(436,'Gantt: Labels overlap',1583020800000,1588377599999,NULL,NULL,0.70,370,11,1587438217144,10,0,'DVF-4359',''),(437,'Resource Labels Issue',1585612800000,1585699199999,NULL,NULL,1.00,407,11,1586142808463,13,0,'QLIK-148',''),(438,'Resource dataSettings Issue',1585612800000,1585699199999,NULL,NULL,1.00,407,11,1586142811743,13,0,'QLIK-149',''),(439,'Resource Milestones',1585612800000,1585785599999,1585612800000,1585958399999,0.50,408,11,1585716238795,9,0,'QLIK-142',''),(440,'Resource Milestones',NULL,NULL,1585612800000,1585958399999,NULL,370,11,1585629465096,3,0,'DVF-4405',''),(441,'Interface Issues',NULL,NULL,NULL,NULL,NULL,407,11,1585630100618,NULL,0,'QLIK-147',''),(442,'Bug: selection issue',1585699200000,1585785599999,NULL,NULL,NULL,408,11,1585717207369,9,0,'QLIK-100','');
/*!40000 ALTER TABLE `task` ENABLE KEYS */;
UNLOCK TABLES;

--
-- Table structure for table `user`
--

DROP TABLE IF EXISTS `user`;
/*!40101 SET @saved_cs_client     = @@character_set_client */;
/*!40101 SET character_set_client = utf8 */;
CREATE TABLE `user` (
  `id` int(11) NOT NULL AUTO_INCREMENT,
  `name` varchar(255) NOT NULL,
  `avatar` varchar(1024) NOT NULL,
  `deleted` tinyint(1) NOT NULL DEFAULT '0',
  `last_modified` bigint(20) NOT NULL,
  PRIMARY KEY (`id`)
) ENGINE=InnoDB AUTO_INCREMENT=15 DEFAULT CHARSET=utf8;
/*!40101 SET character_set_client = @saved_cs_client */;

--
-- Dumping data for table `user`
--

LOCK TABLES `user` WRITE;
/*!40000 ALTER TABLE `user` DISABLE KEYS */;
INSERT INTO `user` VALUES (1,'Kagakin','https://avatars0.githubusercontent.com/u/301098?s=96&v=4',0,1560230884166),(2,'Baranov','https://avatars3.githubusercontent.com/u/14055212?s=96&v=4',0,1560230925474),(3,'Kudryavtsev','https://avatars3.githubusercontent.com/u/1116634?s=96&v=4',0,1560230908342),(4,'Vitaly','https://avatars2.githubusercontent.com/u/696305?s=96&v=4',0,1560230865294),(7,'Timothy','https://avatars0.githubusercontent.com/u/683710?s=96&v=4',0,1560230836576),(8,'Shestakov','https://avatars3.githubusercontent.com/u/24609062?s=96&v=4',0,1560230944792),(9,'Chengaev','https://avatars2.githubusercontent.com/u/28252648?s=96&v=4',0,1560230962821),(10,'Kurnoy','https://avatars2.githubusercontent.com/u/4188229?s=96&v=4',0,1560230978956),(11,'Chernetsky','https://avatars2.githubusercontent.com/u/843248?s=96&v=4',1,1579140701364),(12,'Baranchuk','https://avatars3.githubusercontent.com/u/703367?s=96&v=4',0,1560231019566),(13,'Klimov','https://avatar-management--avatars.us-west-2.prod.public.atl-paas.net/5e16d0edeb2ae70ea1e047cd/0c6ab8a0-53dd-445f-847b-eda7e10bfe41/128?size=48&s=48',0,1578623910117),(14,'Litvintsev','https://avatar-management--avatars.us-west-2.prod.public.atl-paas.net/5e16d0ec5361330daaeb54ea/636102ef-8f48-409a-a08b-f0540dc14103/128?size=48&s=48',0,1578623994482);
/*!40000 ALTER TABLE `user` ENABLE KEYS */;
UNLOCK TABLES;
/*!40103 SET TIME_ZONE=@OLD_TIME_ZONE */;

/*!40101 SET SQL_MODE=@OLD_SQL_MODE */;
/*!40014 SET FOREIGN_KEY_CHECKS=@OLD_FOREIGN_KEY_CHECKS */;
/*!40014 SET UNIQUE_CHECKS=@OLD_UNIQUE_CHECKS */;
/*!40101 SET CHARACTER_SET_CLIENT=@OLD_CHARACTER_SET_CLIENT */;
/*!40101 SET CHARACTER_SET_RESULTS=@OLD_CHARACTER_SET_RESULTS */;
/*!40101 SET COLLATION_CONNECTION=@OLD_COLLATION_CONNECTION */;
/*!40111 SET SQL_NOTES=@OLD_SQL_NOTES */;

-- Dump completed on 2020-04-29  2:43:40
